Participant ID,Home - Child No School,Home - Child School,Home - University,Home - 20s,Home - 30s and 40s,Home - 50s and 60s,Home - 70+,Work - Child No School,Work - Child School,Work - University,Work - 20s,Work - 30s and 40s,Work - 50s and 60s,Work - 70+,Other - Child No School,Other - Child School,Other - University,Other - 20s,Other - 30s and 40s,Other - 50s and 60s,Other - 70+
301,0,1,0,0,0,2,0,0,1,0,0,8,2,0,0,0,0,0,0,0,0
302,0,1,0,0,3,0,0,0,4,0,0,9,0,0,0,0,0,0,0,0,0
305,0,1,0,0,9,2,0,0,8,0,0,4,2,1,0,0,0,0,0,0,0
306,0,1,0,0,1,0,0,0,4,0,0,3,0,0,0,0,0,0,0,0,0
310,0,2,0,0,5,3,0,0,4,0,0,14,17,0,0,0,0,0,0,0,0
313,0,1,0,0,11,3,2,0,4,0,0,4,0,0,0,0,0,0,0,0,0
314,0,3,0,0,11,1,0,0,0,0,0,0,3,0,0,0,0,0,0,0,0
317,0,1,0,0,3,2,0,0,7,0,0,12,5,1,0,0,0,0,0,0,0
320,0,0,0,0,0,0,0,0,1,0,0,19,4,1,0,0,0,0,0,0,0
321,0,1,0,0,2,0,0,0,3,0,0,0,2,0,0,0,0,0,0,0,0
323,0,7,0,0,7,1,0,0,4,0,0,3,1,0,0,0,0,0,0,0,0
326,0,4,0,0,6,0,1,0,0,0,0,13,6,0,0,0,0,0,0,0,0
327,0,9,0,0,5,10,4,0,9,0,0,5,2,1,0,0,0,0,0,0,0
329,0,19,0,0,2,2,0,0,0,0,0,2,4,1,0,0,0,0,0,0,0
331,0,2,0,0,7,2,0,0,3,0,0,6,2,0,0,0,0,0,0,0,0
339,0,0,0,0,2,0,0,0,3,0,0,11,3,2,0,0,0,0,0,0,0
340,0,2,0,0,1,0,0,0,8,0,0,7,2,1,0,0,0,0,0,0,0
341,0,2,0,0,4,0,1,0,3,0,0,27,2,0,0,0,0,0,0,0,0
343,0,19,0,0,7,0,0,0,12,0,0,7,0,0,0,0,0,0,0,0,0
346,0,4,0,0,6,3,1,0,1,0,0,4,2,0,0,0,0,0,0,0,0
348,0,2,0,0,1,1,1,0,20,0,0,4,2,1,0,0,0,0,0,0,0
349,0,0,0,0,0,0,0,0,3,0,0,20,3,0,0,0,0,0,0,0,0
353,0,2,0,0,6,0,0,0,4,0,0,9,4,1,0,0,0,0,0,0,0
354,0,1,0,0,1,0,0,0,5,0,0,6,4,0,0,0,0,0,0,0,0
356,0,4,0,0,2,1,0,0,1,0,0,4,0,0,0,0,0,0,0,0,0
357,0,0,0,0,0,0,0,0,41,0,0,2,0,0,0,1,0,0,1,0,0
358,0,4,0,0,3,0,1,0,2,0,0,12,2,0,0,0,0,0,0,0,0
363,0,0,0,0,0,0,1,0,0,0,0,2,1,1,0,0,0,0,0,0,0
366,0,1,0,0,2,0,0,0,3,0,0,2,0,0,0,0,0,0,0,0,0
373,0,0,0,0,1,0,0,0,4,0,0,1,3,0,0,0,0,0,0,0,0
375,0,0,0,0,1,0,0,0,2,0,0,2,0,0,0,0,0,0,0,0,0
376,0,3,0,0,5,3,1,0,1,0,0,0,0,3,0,0,0,0,0,0,0
377,0,0,0,0,0,0,0,0,3,0,0,5,0,0,0,0,0,0,0,0,0
379,0,0,0,0,0,0,2,0,1,0,0,1,0,0,0,0,0,0,0,0,0
382,0,1,0,0,3,0,0,0,2,0,0,7,2,1,0,0,0,0,0,0,0
385,0,0,0,0,0,0,0,0,4,0,0,9,4,0,0,0,0,0,0,0,0
393,0,0,0,0,9,3,0,0,0,0,0,0,0,0,0,0,0,0,0,0,0
398,0,0,0,0,0,1,0,0,2,0,0,5,2,0,0,0,0,0,0,0,0
400,0,0,0,0,0,0,0,0,2,0,0,14,2,0,0,0,0,0,0,0,0
401,0,3,0,0,11,4,0,0,0,0,0,1,0,0,0,0,0,0,0,0,0
405,0,2,0,0,3,3,0,0,0,0,0,1,0,0,0,0,0,0,0,0,0
407,0,7,0,0,5,0,0,0,3,0,0,9,7,0,0,0,0,0,0,0,0
408,0,9,0,0,4,1,0,0,0,0,0,1,1,1,0,0,0,0,0,0,0
410,0,3,0,0,1,0,0,0,0,0,0,0,0,0,0,0,0,0,0,0,0
411,0,0,0,0,2,2,0,0,18,0,0,12,4,0,0,0,0,0,0,0,0
417,0,0,0,0,0,0,0,0,17,0,0,17,3,0,0,3,0,0,1,0,0
418,0,1,0,0,4,1,1,0,3,0,0,2,2,0,0,0,0,0,0,0,0
426,0,2,0,0,12,14,1,0,0,0,0,0,0,1,0,0,0,0,0,0,0
428,0,1,0,0,0,0,0,0,2,0,0,3,2,0,0,0,0,0,0,0,0
431,0,0,0,0,3,1,0,0,1,0,0,1,0,1,0,0,0,0,0,0,0
432,0,1,0,0,3,1,0,0,2,0,0,2,0,1,0,0,0,0,0,0,0
435,0,1,0,0,3,0,0,0,31,0,0,1,0,0,0,0,0,0,0,0,0
436,0,4,0,0,5,5,0,0,2,0,0,1,1,0,0,0,0,0,0,0,0
440,0,4,0,0,5,0,0,0,1,0,0,1,0,0,0,0,0,0,0,0,0
442,0,0,0,0,2,3,1,0,1,0,0,1,1,1,0,0,0,0,0,0,0
445,0,5,0,0,5,2,1,0,1,0,0,0,1,4,0,0,0,0,0,0,0
446,0,0,0,0,10,1,2,0,1,0,0,2,2,0,0,0,0,0,0,0,0
448,0,0,0,0,1,0,0,0,1,0,0,2,1,2,0,0,0,0,0,0,0
451,0,9,0,0,18,4,1,0,0,0,0,0,0,0,0,0,0,0,0,0,0
454,0,1,0,0,3,1,0,0,1,0,0,4,3,0,0,0,0,0,0,0,0
456,0,3,0,0,7,0,1,0,2,0,0,1,0,1,0,0,0,0,0,0,0
461,0,7,0,0,8,5,0,0,4,0,0,3,2,1,0,0,0,0,0,0,0
463,0,0,0,0,0,0,0,0,0,0,0,0,0,1,0,0,0,0,0,0,0
465,0,2,0,0,2,2,0,0,5,0,0,9,7,0,0,0,0,0,0,0,0
466,0,3,0,0,5,2,0,0,3,0,0,21,11,0,0,0,0,0,0,0,0
470,0,0,0,0,6,1,0,0,2,0,0,4,1,0,0,0,0,0,0,0,0
471,0,0,0,0,0,0,0,0,1,0,0,3,0,0,0,0,0,0,0,0,0
474,0,1,0,0,3,3,0,0,1,0,0,0,0,0,0,0,0,0,0,0,0
477,0,0,0,0,1,1,1,0,4,0,0,5,7,1,0,0,0,0,0,0,0
481,0,3,0,0,4,0,0,0,32,0,0,6,0,0,0,0,0,0,0,0,0
484,0,9,0,0,7,4,3,0,1,0,0,2,2,2,0,0,0,0,0,0,0
485,0,0,0,0,2,0,0,0,3,0,0,7,1,0,0,0,0,0,0,0,0
487,0,0,0,0,0,0,0,0,7,0,0,28,6,4,0,0,0,0,0,0,0
488,0,3,0,0,3,2,0,0,2,0,0,1,1,0,0,0,0,0,0,0,0
489,0,5,0,0,5,4,0,0,2,0,0,4,7,0,0,0,0,0,0,0,0
491,0,1,0,0,5,0,0,0,3,0,0,14,9,0,0,0,0,0,1,0,0
494,0,0,0,0,0,1,0,0,4,0,0,4,1,0,0,1,0,0,0,0,0
495,0,0,0,0,0,0,0,0,0,0,0,1,0,0,0,0,0,0,0,0,0
498,0,3,0,0,2,3,0,0,5,0,0,9,2,0,0,0,0,0,0,0,0
502,0,3,0,0,2,4,0,0,0,0,0,14,2,0,0,0,0,0,0,0,0
505,0,2,0,0,5,2,0,0,6,0,0,2,2,0,0,0,0,0,0,0,0
506,0,2,0,0,0,0,0,0,2,0,0,4,2,0,0,0,0,0,0,0,0
507,0,0,0,0,0,0,0,0,3,0,0,13,2,0,0,0,0,0,0,0,0
513,0,0,0,0,3,0,0,0,7,0,0,7,0,1,0,0,0,0,0,0,0
516,0,0,0,0,0,0,0,0,2,0,0,9,3,1,0,0,0,0,0,0,0
519,0,1,0,0,2,1,0,0,5,0,0,13,8,0,0,2,0,0,0,0,0
520,0,0,0,0,5,1,0,0,1,0,0,1,0,0,0,0,0,0,0,0,0
523,0,2,0,0,3,3,1,0,12,0,0,6,2,1,0,0,0,0,0,0,0
525,0,0,0,0,0,0,0,0,1,0,0,2,5,0,0,0,0,0,0,0,0
528,0,0,0,0,1,0,0,0,2,0,0,3,2,0,0,0,0,0,0,0,0
529,0,8,0,0,9,5,0,0,5,0,0,8,8,2,0,0,0,0,0,0,0
531,0,0,0,0,5,2,0,0,2,0,0,12,1,0,0,0,0,0,0,0,0
532,0,0,0,0,0,0,0,0,3,0,0,10,4,0,0,0,0,0,0,1,0
534,0,0,0,0,4,1,0,0,11,0,0,24,1,0,0,0,0,0,0,0,0
536,0,5,0,0,3,4,2,0,3,0,0,4,2,1,0,0,0,0,0,0,0
539,0,3,0,0,2,0,0,0,3,0,0,5,3,0,0,0,0,0,0,0,0
540,0,4,0,0,1,1,0,0,2,0,0,4,0,0,0,0,0,0,0,0,0
542,0,0,0,0,0,0,0,0,1,0,0,0,2,1,0,0,0,0,0,0,0
546,0,0,0,0,6,0,0,0,4,0,0,13,3,1,0,0,0,0,0,0,0
550,0,1,0,0,2,2,0,0,5,0,0,2,5,0,0,0,0,0,0,0,0
551,0,3,0,0,3,0,0,0,7,0,0,11,5,4,0,0,0,0,0,0,0
555,0,0,0,0,6,5,0,0,5,0,0,1,1,3,0,0,0,0,0,0,0
556,0,1,0,0,2,0,0,0,12,0,0,3,0,0,0,0,0,0,0,0,0
559,0,2,0,0,6,2,1,0,3,0,0,11,3,5,0,0,0,0,0,0,0
560,0,3,0,0,0,4,0,0,3,0,0,8,2,0,0,0,0,0,0,0,0
561,0,0,0,0,2,0,0,0,6,0,0,3,0,0,0,0,0,0,0,0,0
564,0,0,0,0,0,0,0,0,4,0,0,8,1,0,0,0,0,0,0,0,0
565,0,0,0,0,2,0,0,0,6,0,0,5,0,0,0,0,0,0,0,0,0
567,0,0,0,0,3,6,3,0,3,0,0,3,1,0,0,1,0,0,0,0,0
568,0,0,0,0,1,0,3,0,0,0,0,3,1,0,0,0,0,0,0,0,0
569,0,0,0,0,0,1,0,0,3,0,0,8,2,0,0,0,0,0,0,0,0
572,0,2,0,0,8,6,2,0,4,0,0,2,1,0,0,0,0,0,0,0,0
576,0,5,0,0,7,3,2,0,5,0,0,2,2,0,0,0,0,0,0,0,0
578,0,0,0,0,2,1,0,0,3,0,0,11,7,3,0,0,0,0,0,0,0
580,0,0,0,0,0,0,0,0,1,0,0,1,0,0,0,0,0,0,0,0,0
582,0,0,0,0,0,0,0,0,2,0,0,12,3,0,0,0,0,0,0,0,0
585,0,3,0,0,3,3,0,0,1,0,0,1,0,0,0,0,0,0,0,0,0
588,0,0,0,0,0,0,0,0,1,0,0,4,1,0,0,0,0,0,0,0,0
589,0,2,0,0,2,2,0,0,7,0,0,7,1,1,0,0,0,0,0,0,0
590,0,0,0,0,0,0,0,0,40,0,0,0,4,0,0,0,0,0,0,0,0
595,0,0,0,0,2,0,0,0,3,0,0,6,2,6,0,0,0,0,0,0,0
597,0,1,0,0,3,1,0,0,3,0,0,6,0,0,0,0,0,0,0,0,0
600,0,0,0,0,2,0,0,0,17,0,0,3,0,0,0,0,0,0,0,0,0
601,0,0,0,0,4,0,0,0,16,0,0,3,1,0,0,0,0,0,0,0,0
604,0,1,0,0,1,1,0,0,0,0,0,14,3,0,0,0,0,0,0,0,0
606,0,5,0,0,7,9,1,0,1,0,0,8,2,0,0,0,0,0,0,0,0
608,0,1,0,0,4,2,0,0,4,0,0,3,0,1,0,0,0,0,0,0,0
611,0,4,0,0,2,0,2,0,7,0,0,9,2,0,0,0,0,0,0,0,0
612,0,0,0,0,0,0,0,0,6,0,0,16,4,0,0,0,0,0,0,0,0
617,0,1,0,0,11,6,0,0,7,0,0,19,1,0,0,0,0,0,0,0,0
618,0,1,0,0,0,3,0,0,0,0,0,0,0,0,0,0,0,0,0,0,0
621,0,2,0,0,0,0,0,0,1,0,0,2,1,1,0,0,0,0,0,0,0
625,0,2,0,0,3,1,0,0,4,0,0,1,1,0,0,0,0,0,0,0,0
626,0,0,0,0,0,1,0,0,1,0,0,4,3,0,0,0,0,0,0,0,0
628,0,1,0,0,1,1,0,0,1,0,0,1,1,0,0,0,0,0,0,0,0
631,0,5,0,0,5,1,0,0,1,0,0,1,2,0,0,0,0,0,0,0,0
632,0,0,0,0,1,1,0,0,2,0,0,2,4,0,0,0,0,0,0,0,0
635,0,7,0,0,0,0,0,0,10,0,0,3,0,0,0,0,0,0,0,0,0
639,0,3,0,0,6,1,1,0,1,0,0,1,1,0,0,0,0,0,0,0,0
640,0,0,0,0,0,1,0,0,1,0,0,1,1,0,0,0,0,0,0,0,0
642,0,2,0,0,1,0,0,0,3,0,0,9,0,0,0,0,0,0,0,0,0
643,0,0,0,0,0,0,0,0,2,0,0,3,1,0,0,0,0,0,0,0,0
644,0,7,0,0,8,4,1,0,2,0,0,10,1,0,0,0,0,0,0,0,0
645,0,3,0,0,2,3,0,0,2,0,0,1,0,0,0,0,0,0,0,0,0
646,0,2,0,0,4,1,2,0,4,0,0,5,1,2,0,0,0,0,0,0,0
648,0,0,0,0,2,0,0,0,2,0,0,1,0,1,0,0,0,0,0,0,0
649,0,0,0,0,1,0,1,0,4,0,0,5,2,0,0,0,0,0,0,0,0
660,0,0,0,0,0,0,0,0,31,0,0,14,0,0,0,0,0,0,0,0,0
661,0,0,0,0,0,0,0,0,44,0,0,0,1,0,0,0,0,0,0,0,0
663,0,1,0,0,0,0,0,0,4,0,0,0,1,0,0,0,0,0,0,0,0
667,0,0,0,0,1,0,0,0,2,0,0,1,0,1,0,0,0,0,0,0,0
672,0,5,0,0,2,1,0,0,2,0,0,4,1,2,0,0,0,0,0,0,0
674,0,5,0,0,1,1,0,0,4,0,0,0,2,0,0,0,0,0,0,0,0
675,0,0,0,0,0,0,0,0,2,0,0,4,1,1,0,0,0,0,0,0,0
684,0,0,0,0,1,0,0,0,1,0,0,0,1,0,0,0,0,0,0,0,0
687,0,0,0,0,0,0,0,0,0,0,0,1,0,0,0,0,0,0,0,0,0
690,0,2,0,0,0,0,0,0,0,0,0,4,0,0,0,0,0,0,0,0,0
692,0,0,0,0,0,0,0,0,9,0,0,8,5,2,0,0,0,0,0,0,0
695,0,0,0,0,3,0,0,0,2,0,0,7,5,0,0,0,0,0,0,0,0
696,0,4,0,0,7,2,0,0,1,0,0,3,0,0,0,0,0,0,0,0,0
700,0,0,0,0,2,1,0,0,3,0,0,2,1,0,0,0,0,0,0,1,0
701,0,4,0,0,0,0,0,0,2,0,0,11,1,0,0,0,0,0,0,0,0
703,0,5,0,0,5,4,0,0,0,0,0,4,0,0,0,0,0,0,0,0,0
704,0,0,0,0,0,0,0,0,5,0,0,6,3,1,0,0,0,0,0,0,0
707,0,1,0,0,2,0,0,0,1,0,0,8,1,1,0,0,0,0,0,0,0
708,0,0,0,0,4,1,3,0,4,0,0,4,1,1,0,0,0,0,0,0,0
709,0,2,0,0,2,0,0,0,4,0,0,3,1,0,0,0,0,0,0,0,0
711,0,2,0,0,2,1,0,0,4,0,0,8,2,0,0,0,0,0,0,0,0
712,0,0,0,0,0,0,0,0,8,0,0,20,2,0,0,0,0,0,0,0,0
715,0,0,0,0,6,0,0,0,4,0,0,7,0,0,0,0,0,0,0,0,0
716,0,3,0,0,5,1,1,0,2,0,0,1,4,0,0,0,0,0,0,0,0
718,0,0,0,0,0,0,0,0,2,0,0,1,0,0,0,0,0,0,0,0,0
721,0,5,0,0,21,1,1,0,1,0,0,1,0,0,0,0,0,0,0,0,0
725,0,3,0,0,5,2,2,0,3,0,0,2,1,0,0,0,0,0,0,0,0
726,0,12,0,0,9,2,0,0,0,0,0,3,1,0,0,0,0,0,0,0,0
728,0,2,0,0,7,1,0,0,0,0,0,1,0,0,0,0,0,0,0,0,0
730,0,2,0,0,1,0,0,0,4,0,0,2,0,0,0,0,0,0,0,0,0
731,0,1,0,0,0,1,0,0,11,0,0,19,9,4,0,0,0,0,0,0,0
733,0,5,0,0,3,1,0,0,2,0,0,1,1,0,0,0,0,0,0,0,0
734,0,5,0,0,4,3,4,0,3,0,0,1,1,0,0,0,0,0,0,0,0
735,0,1,0,0,7,5,0,0,1,0,0,1,0,0,0,0,0,0,0,0,0
737,0,0,0,0,4,2,0,0,3,0,0,1,0,0,0,0,0,0,0,0,0
740,0,0,0,0,0,0,0,0,0,0,0,1,1,1,0,0,0,0,0,0,0
741,0,0,0,0,2,0,0,0,1,0,0,0,3,1,0,0,0,0,0,0,0
743,0,4,0,0,3,0,1,0,7,0,0,24,5,1,0,0,0,0,0,0,0
745,0,3,0,0,3,7,0,0,2,0,0,1,1,0,0,0,0,0,0,0,0
746,0,1,0,0,1,1,0,0,2,0,0,7,1,0,0,0,0,0,0,0,0
748,0,0,0,0,0,0,0,0,1,0,0,0,0,0,0,0,0,0,0,0,0
752,0,1,0,0,19,3,0,0,4,0,0,11,1,0,0,0,0,0,0,0,0
759,0,1,0,0,3,6,1,0,2,0,0,1,0,1,0,0,0,0,0,0,0
761,0,6,0,0,6,10,1,0,0,0,0,1,0,0,0,0,0,0,0,2,0
762,0,1,0,0,4,2,0,0,2,0,0,4,2,0,0,0,0,0,1,0,0
764,0,10,0,0,14,3,1,0,0,0,0,0,2,1,0,0,0,0,0,0,0
766,0,2,0,0,1,4,0,0,0,0,0,3,6,1,0,0,0,0,0,0,0
767,0,2,0,0,5,7,0,0,3,0,0,4,0,1,0,0,0,0,0,0,0
768,0,3,0,0,1,0,0,0,10,0,0,4,1,1,0,0,0,0,0,0,0
770,0,0,0,0,8,0,0,0,1,0,0,2,2,0,0,0,0,0,0,0,0
772,0,5,0,0,9,5,1,0,3,0,0,1,2,0,0,0,0,0,0,0,0
775,0,2,0,0,0,0,0,0,32,0,0,4,6,1,0,0,0,0,0,0,0
777,0,0,0,0,2,2,0,0,1,0,0,1,1,0,0,0,0,0,0,0,0
781,0,0,0,0,10,0,0,0,1,0,0,7,1,0,0,0,0,0,0,0,0
783,0,0,0,0,0,0,0,0,4,0,0,5,6,0,0,0,0,0,0,0,0
785,0,1,0,0,3,5,2,0,0,0,0,4,0,2,0,0,0,0,0,0,0
787,0,0,0,0,3,0,0,0,1,0,0,1,0,0,0,0,0,0,0,0,0
788,0,2,0,0,1,0,0,0,13,0,0,14,11,4,0,0,0,0,0,0,0
791,0,4,0,0,10,2,4,0,0,0,0,1,0,0,0,0,0,0,0,0,0
793,0,7,0,0,5,4,0,0,1,0,0,0,0,0,0,0,0,0,0,0,0
794,0,1,0,0,1,1,0,0,5,0,0,7,2,0,0,0,0,0,0,0,0
795,0,1,0,0,6,5,0,0,2,0,0,1,0,0,0,0,0,0,0,0,0
797,0,2,0,0,2,1,0,0,0,0,0,3,0,0,0,0,0,0,0,0,0
798,0,0,0,0,4,2,0,0,0,0,0,3,0,0,0,0,0,0,0,0,0
799,0,3,0,0,3,0,0,0,5,0,0,7,3,0,0,0,0,0,0,0,0
803,0,0,0,0,2,0,0,0,1,0,0,2,1,0,0,0,0,0,0,0,0
806,0,0,0,0,1,1,0,0,0,0,0,0,0,1,0,0,0,0,0,0,0
813,0,2,0,0,1,0,0,0,1,0,0,4,1,2,0,0,0,0,0,0,0
818,0,2,0,0,2,0,1,0,1,0,0,1,0,0,0,0,0,0,0,0,0
820,0,1,0,0,3,0,0,0,4,0,0,10,3,0,0,0,0,0,0,0,0
824,0,2,0,0,4,1,0,0,8,0,0,9,5,1,0,0,0,0,0,0,0
825,0,0,0,0,0,0,0,0,1,0,0,1,0,0,0,0,0,0,0,0,0
827,0,2,0,0,10,7,0,0,7,0,0,12,0,0,0,0,0,0,0,0,0
829,0,2,0,0,4,0,0,0,4,0,0,2,2,0,0,0,0,0,0,0,0
839,0,0,0,0,0,0,0,0,0,0,0,0,2,0,0,0,0,0,0,0,0
841,0,3,0,0,10,2,0,0,0,0,0,2,0,0,0,0,0,0,0,0,0
1148,0,0,0,0,1,0,0,0,2,0,0,4,1,0,0,0,0,0,0,0,0
1151,0,0,0,0,0,0,0,0,2,0,0,8,2,0,0,0,0,0,0,0,0
1153,0,0,0,0,0,0,0,0,2,0,0,1,0,0,0,0,0,0,0,0,0
1158,0,0,0,0,3,0,0,0,0,0,0,1,0,1,0,0,0,0,0,0,0
1163,0,0,0,0,0,0,0,0,2,0,0,1,1,0,0,0,0,0,0,0,0
1165,0,0,0,0,0,1,0,0,3,0,0,0,0,0,0,0,0,0,0,0,0
1166,0,0,0,0,6,0,0,0,1,0,0,1,0,0,0,0,0,0,0,0,0
1167,0,0,0,0,4,0,0,0,5,0,0,3,2,0,0,0,0,0,0,0,0
1169,0,0,0,0,0,0,0,0,24,0,0,3,2,0,0,6,0,0,0,0,0
1170,0,3,0,0,0,0,0,0,2,0,0,2,1,0,0,0,0,0,0,0,0
1174,0,1,0,0,1,0,0,0,3,0,0,3,1,1,0,0,0,0,0,0,0
1176,0,0,0,0,0,0,0,0,0,0,0,4,0,0,0,0,0,0,0,0,0
1180,0,2,0,0,2,1,0,0,1,0,0,3,1,0,0,0,0,0,0,0,0
1181,0,0,0,0,0,0,0,0,1,0,0,3,1,0,0,0,0,0,0,0,0
1182,0,0,0,0,2,0,0,0,0,0,0,1,1,2,0,0,0,0,0,0,0
1184,0,1,0,0,2,0,0,0,2,0,0,1,0,0,0,0,0,0,0,0,0
1186,0,0,0,0,0,2,0,0,2,0,0,0,0,0,0,0,0,0,0,0,0
1190,0,0,0,0,2,0,0,0,2,0,0,1,0,0,0,0,0,0,0,0,0
1192,0,0,0,0,0,0,0,0,1,0,0,2,0,0,0,0,0,0,0,0,0
1193,0,0,0,0,4,0,0,0,0,0,0,3,0,3,0,0,0,0,0,0,0
1198,0,0,0,0,0,0,0,0,1,0,0,0,1,0,0,0,0,0,0,0,0
1199,0,0,0,0,0,0,0,0,3,0,0,2,0,0,0,0,0,0,0,0,0
1200,0,0,0,0,0,0,0,0,1,0,0,1,1,0,0,0,0,0,0,0,0
1201,0,0,0,0,0,0,0,0,0,0,0,1,2,0,0,0,0,0,0,0,0
1207,0,1,0,0,1,0,0,0,3,0,0,4,0,0,0,0,0,0,0,0,0
1210,0,1,0,0,0,0,0,0,5,0,0,2,2,0,0,0,0,0,0,0,0
1212,0,2,0,0,0,0,0,0,3,0,0,0,0,0,0,0,0,0,0,0,0
1213,0,5,0,0,3,1,0,0,5,0,0,4,0,0,0,2,0,0,0,0,0
1214,0,1,0,0,0,0,0,0,1,0,0,2,0,1,0,0,0,0,0,0,0
1215,0,0,0,0,0,0,0,0,0,0,0,1,1,0,0,0,0,0,0,0,0
1216,0,0,0,0,1,1,0,0,3,0,0,3,1,0,0,0,0,0,0,0,0
1217,0,0,0,0,0,0,1,0,0,0,0,0,1,0,0,0,0,0,0,0,0
1221,0,0,0,0,0,0,0,0,0,0,0,5,0,0,0,0,0,0,0,0,0
1227,0,1,0,0,4,0,0,0,2,0,0,5,0,1,0,0,0,0,0,0,0
1229,0,1,0,0,0,1,0,0,1,0,0,3,0,0,0,0,0,0,0,0,0
1231,0,2,0,0,1,1,0,0,8,0,0,4,1,0,0,0,0,0,0,0,0
1233,0,5,0,0,5,2,0,0,2,0,0,1,0,0,0,0,0,0,0,0,0
1234,0,3,0,0,0,0,0,0,3,0,0,0,1,0,0,0,0,0,0,0,0
1238,0,0,0,0,2,0,0,0,1,0,0,1,0,0,0,0,0,0,0,0,0
1242,0,0,0,0,1,2,0,0,6,0,0,4,0,0,0,0,0,0,0,0,0
1243,0,0,0,0,0,0,0,0,1,0,0,1,0,0,0,0,0,0,0,0,0
1245,0,0,0,0,0,0,0,0,0,0,0,2,0,0,0,0,0,0,0,0,0
1246,0,0,0,0,0,0,0,0,0,0,0,4,0,0,0,0,0,0,0,0,0
1247,0,0,0,0,0,0,0,0,0,0,0,2,0,0,0,0,0,0,0,0,0
1248,0,0,0,0,0,0,0,0,4,0,0,2,0,0,0,0,0,0,0,0,0
1258,0,1,0,0,0,0,0,0,0,0,0,1,1,0,0,0,0,0,0,0,0
1260,0,0,0,0,0,0,0,0,2,0,0,7,1,0,0,0,0,0,0,0,0
1265,0,2,0,0,3,1,0,0,5,0,0,4,3,0,0,0,0,0,0,0,0
1266,0,0,0,0,0,0,1,0,3,0,0,3,0,0,0,0,0,0,0,0,0
1273,0,1,0,0,1,0,0,0,2,0,0,1,0,0,0,0,0,0,0,0,0
1279,0,0,0,0,0,0,0,0,1,0,0,4,0,0,0,0,0,0,0,0,0
1280,0,0,0,0,2,2,0,0,0,0,0,0,0,0,0,0,0,0,0,0,0
1283,0,4,0,0,0,9,3,0,3,0,0,5,4,0,0,0,0,0,0,0,0
1286,0,0,0,0,3,0,0,0,0,0,0,5,0,0,0,0,0,0,0,0,0
1289,0,0,0,0,1,0,0,0,1,0,0,2,0,0,0,0,0,0,0,0,0
1290,0,0,0,0,0,0,0,0,3,0,0,0,0,0,0,0,0,0,0,0,0
1291,0,1,0,0,4,0,0,0,2,0,0,0,0,0,0,0,0,0,0,0,0
1293,0,0,0,0,0,0,0,0,1,0,0,1,0,1,0,0,0,0,0,0,0
1294,0,0,0,0,0,0,0,0,2,0,0,0,0,1,0,0,0,0,0,0,0
1305,0,1,0,0,0,2,0,0,1,0,0,1,1,0,0,0,0,0,0,0,0
1306,0,1,0,0,0,1,0,0,1,0,0,3,2,0,0,0,0,0,0,0,0
1309,0,0,0,0,1,0,0,0,0,0,0,0,2,0,0,0,0,0,0,0,0
1315,0,0,0,0,0,0,1,0,2,0,0,0,1,0,0,0,0,0,0,0,0
1316,0,0,0,0,2,0,0,0,5,0,0,1,1,0,0,0,0,0,0,0,0
1322,0,0,0,0,1,0,0,0,0,0,0,1,2,0,0,0,0,0,1,0,0
1324,0,0,0,0,1,0,0,0,1,0,0,1,2,0,0,0,0,0,0,0,0
1327,0,1,0,0,3,0,0,0,8,0,0,7,1,0,0,0,0,0,0,0,0
1328,0,2,0,0,3,0,0,0,0,0,0,0,0,0,0,0,0,0,0,0,0
1335,0,0,0,0,0,0,0,0,2,0,0,2,0,0,0,0,0,0,0,0,0
1337,0,0,0,0,1,0,0,0,0,0,0,2,2,0,0,0,0,0,0,0,0
1341,0,1,0,0,2,0,0,0,2,0,0,4,1,0,0,0,0,0,0,0,0
1347,0,0,0,0,0,1,0,0,2,0,0,4,0,0,0,0,0,0,0,0,0
1349,0,1,0,0,0,3,0,0,3,0,0,1,1,0,0,0,0,0,0,0,0
1354,0,0,0,0,0,0,0,0,1,0,0,11,4,0,0,0,0,0,0,0,0
1356,0,4,0,0,4,0,0,0,0,0,0,2,0,0,0,0,0,0,0,0,0
1357,0,2,0,0,3,0,0,0,0,0,0,3,0,0,0,0,0,0,0,0,0
1358,0,0,0,0,0,0,0,0,3,0,0,1,2,0,0,0,0,0,0,0,0
1366,0,1,0,0,0,2,0,0,3,0,0,4,1,1,0,0,0,0,0,0,0
1379,0,1,0,0,2,2,1,0,2,0,0,1,1,0,0,0,0,0,0,0,0
1380,0,0,0,0,0,0,0,0,3,0,0,1,1,0,0,0,0,0,0,0,0
1382,0,2,0,0,1,0,0,0,28,0,0,18,9,0,0,0,0,0,0,0,0
1383,0,11,0,0,0,0,0,0,12,0,0,2,0,0,0,0,0,0,0,0,0
1384,0,4,0,0,0,0,0,0,20,0,0,2,0,0,0,0,0,0,0,0,0
1388,0,0,0,0,0,1,1,0,1,0,0,2,0,0,0,0,0,0,0,0,0
1389,0,0,0,0,1,1,0,0,1,0,0,10,2,0,0,0,0,0,0,0,0
1390,0,1,0,0,0,0,0,0,0,0,0,2,1,0,0,0,0,0,0,0,0
1391,0,0,0,0,0,0,0,0,2,0,0,1,0,0,0,0,0,0,0,0,0
1393,0,0,0,0,1,0,0,0,2,0,0,3,2,0,0,0,0,0,0,0,0
1397,0,0,0,0,0,0,0,0,2,0,0,1,0,0,0,0,0,0,0,0,0
1400,0,0,0,0,0,0,0,0,2,0,0,2,0,0,0,0,0,0,0,0,0
1401,0,0,0,0,0,0,0,0,1,0,0,3,1,0,0,0,0,0,0,0,0
1409,0,0,0,0,0,0,0,0,2,0,0,10,2,0,0,0,0,0,0,0,0
1411,0,0,0,0,0,1,0,0,1,0,0,0,0,0,0,0,0,0,0,0,0
1412,0,0,0,0,0,0,0,0,0,0,0,4,0,0,0,0,0,0,0,0,0
1413,0,0,0,0,0,0,0,0,3,0,0,0,0,0,0,1,0,0,0,0,0
1417,0,1,0,0,3,0,0,0,0,0,0,1,1,0,0,0,0,0,0,0,0
1419,0,0,0,0,0,0,0,0,2,0,0,1,0,0,0,0,0,0,0,0,0
1421,0,0,0,0,0,0,0,0,0,0,0,1,0,0,0,0,0,0,0,0,0
1422,0,0,0,0,0,0,0,0,0,0,0,11,4,0,0,0,0,0,0,0,0
1425,0,1,0,0,0,0,0,0,0,0,0,1,0,0,0,0,0,0,0,0,0
1430,0,4,0,0,10,6,5,0,0,0,0,1,0,0,0,0,0,0,0,0,0
1433,0,0,0,0,4,1,0,0,0,0,0,0,0,0,0,0,0,0,0,0,0
1434,0,0,0,0,3,3,0,0,11,0,0,8,0,0,0,0,0,0,0,0,0
1442,0,0,0,0,0,0,0,0,3,0,0,2,0,0,0,0,0,0,0,0,0
1444,0,0,0,0,2,1,0,0,1,0,0,1,0,0,0,0,0,0,0,0,0
1445,0,1,0,0,0,0,0,0,0,0,0,1,0,0,0,0,0,0,0,0,0
1447,0,0,0,0,2,0,0,0,0,0,0,1,0,0,0,0,0,0,0,0,0
1452,0,2,0,0,4,1,0,0,2,0,0,0,0,0,0,0,0,0,0,0,0
1455,0,1,0,0,0,0,0,0,1,0,0,1,0,0,0,0,0,0,0,0,0
1456,0,0,0,0,1,0,0,0,3,0,0,5,0,0,0,0,0,0,3,0,0
1462,0,0,0,0,1,0,0,0,0,0,0,2,3,0,0,0,0,0,0,0,0
1463,0,0,0,0,2,1,0,0,0,0,0,1,0,0,0,0,0,0,0,0,0
1465,0,0,0,0,0,0,0,0,1,0,0,3,4,0,0,0,0,0,0,0,0
1467,0,1,0,0,2,0,0,0,0,0,0,0,2,0,0,0,0,0,0,0,0
1468,0,0,0,0,2,1,0,0,0,0,0,2,0,0,0,0,0,0,0,0,0
1470,0,1,0,0,1,0,0,0,0,0,0,2,0,0,0,0,0,0,0,0,0
1472,0,0,0,0,0,0,0,0,1,0,0,5,0,0,0,0,0,0,0,0,0
1476,0,0,0,0,0,0,1,0,0,0,0,1,0,0,0,0,0,0,0,0,0
1480,0,1,0,0,1,0,0,0,1,0,0,1,3,1,0,0,0,0,0,0,0
1483,0,0,0,0,1,0,0,0,0,0,0,0,0,0,0,0,0,0,0,0,0
1488,0,1,0,0,1,0,0,0,0,0,0,0,0,0,0,0,0,0,0,0,0
1503,0,0,0,0,1,0,0,0,0,0,0,2,0,0,0,0,0,0,0,0,0
1504,0,0,0,0,0,0,0,0,0,0,0,10,1,0,0,0,0,0,0,0,0
1506,0,0,0,0,0,0,0,0,3,0,0,6,1,1,0,0,0,0,0,0,0
1508,0,0,0,0,3,1,0,0,2,0,0,0,0,0,0,0,0,0,0,0,0
1509,0,0,0,0,2,0,0,0,0,0,0,2,2,0,0,0,0,0,0,0,0
1514,0,0,0,0,0,4,0,0,1,0,0,0,1,1,0,0,0,0,0,0,0
1515,0,0,0,0,1,1,0,0,0,0,0,5,1,0,0,0,0,0,0,0,0
1516,0,0,0,0,1,0,0,0,0,0,0,1,1,0,0,0,0,0,0,0,0
1522,0,0,0,0,0,0,1,0,0,0,0,0,0,0,0,0,0,0,0,0,0
1524,0,0,0,0,2,0,0,0,0,0,0,0,0,0,0,0,0,0,0,0,0
1529,0,0,0,0,4,2,1,0,1,0,0,0,1,0,0,0,0,0,0,0,0
1537,0,0,0,0,0,0,0,0,3,0,0,5,4,0,0,0,0,0,0,0,0
1538,0,0,0,0,0,0,0,0,1,0,0,10,0,0,0,0,0,0,0,0,0
1540,0,1,0,0,0,0,0,0,2,0,0,6,1,0,0,0,0,0,0,0,0
1555,0,1,0,0,1,0,0,0,1,0,0,0,1,0,0,0,0,0,0,0,0
1557,0,1,0,0,1,2,0,0,0,0,0,0,0,0,0,0,0,0,0,0,0
1558,0,1,0,0,0,1,0,0,3,0,0,3,1,0,0,0,0,0,0,0,0
1559,0,0,0,0,0,1,0,0,0,0,0,3,2,0,0,1,0,0,1,0,0
1562,0,0,0,0,0,0,0,0,2,0,0,8,1,0,0,0,0,0,0,0,0
1563,0,0,0,0,3,3,0,0,0,0,0,0,2,1,0,0,0,0,0,0,0
1566,0,0,0,0,2,1,0,0,1,0,0,7,1,0,0,0,0,0,0,0,0
1570,0,0,0,0,0,0,0,0,1,0,0,0,0,0,0,0,0,0,0,0,0
1573,0,0,0,0,1,1,1,0,0,0,0,2,0,0,0,0,0,0,0,0,0
1574,0,0,0,0,0,0,0,0,5,0,0,4,4,0,0,0,0,0,0,0,0
1575,0,0,0,0,0,0,0,0,2,0,0,2,2,0,0,0,0,0,0,0,0
1578,0,0,0,0,0,0,0,0,20,0,0,3,1,0,0,0,0,0,0,0,0
1579,0,0,0,0,3,0,0,0,2,0,0,0,3,0,0,0,0,0,0,0,0
1583,0,0,0,0,0,0,0,0,3,0,0,1,1,0,0,0,0,0,0,0,0
1585,0,0,0,0,1,2,0,0,1,0,0,0,2,0,0,0,0,0,0,0,0
1587,0,0,0,0,2,0,0,0,2,0,0,2,0,0,0,0,0,0,0,0,0
1589,0,0,0,0,0,0,0,0,2,0,0,3,1,0,0,0,0,0,0,0,0
1590,0,2,0,0,2,0,0,0,1,0,0,1,0,0,0,0,0,0,0,0,0
1592,0,1,0,0,0,1,0,0,1,0,0,3,0,0,0,0,0,0,0,0,0
1594,0,0,0,0,0,0,0,0,3,0,0,4,0,0,0,0,0,0,0,0,0
1595,0,1,0,0,2,2,1,0,4,0,0,4,2,0,0,0,0,0,0,0,0
1601,0,0,0,0,0,0,0,0,1,0,0,6,1,0,0,0,0,0,0,0,0
1605,0,0,0,0,0,0,0,0,0,0,0,1,0,0,0,0,0,0,0,0,0
1607,0,1,0,0,3,4,1,0,0,0,0,3,1,0,0,0,0,0,0,0,0
1608,0,0,0,0,0,0,0,0,0,0,0,1,0,0,0,0,0,0,0,0,0
1610,0,0,0,0,5,1,0,0,0,0,0,1,2,0,0,0,0,0,0,0,0
1613,0,0,0,0,2,0,0,0,2,0,0,1,0,0,0,0,0,0,0,0,0
1619,0,1,0,0,0,0,0,0,3,0,0,1,1,0,0,0,0,0,0,0,0
1630,0,2,0,0,0,2,0,0,4,0,0,3,0,0,0,0,0,0,0,0,0
1634,0,0,0,0,0,0,0,0,12,0,0,8,4,0,0,0,0,0,0,0,0
1637,0,0,0,0,1,3,0,0,2,0,0,12,9,0,0,0,0,0,0,0,0
1645,0,0,0,0,2,3,0,0,2,0,0,3,0,0,0,0,0,0,0,0,0
1646,0,0,0,0,0,0,0,0,0,0,0,3,0,0,0,1,0,0,0,0,0
1649,0,0,0,0,0,0,0,0,0,0,0,1,3,0,0,0,0,0,0,0,0
1650,0,0,0,0,0,0,0,0,4,0,0,3,0,0,0,0,0,0,0,0,0
1659,0,1,0,0,2,0,0,0,7,0,0,2,1,0,0,0,0,0,0,0,0
1661,0,0,0,0,1,0,0,0,1,0,0,3,1,2,0,0,0,0,0,0,0
1664,0,0,0,0,2,0,0,0,1,0,0,1,1,0,0,0,0,0,0,0,0
1665,0,2,0,0,0,0,0,0,29,0,0,7,0,0,0,0,0,0,0,0,0
1669,0,1,0,0,0,0,0,0,3,0,0,1,0,0,0,0,0,0,0,0,0
1685,0,1,0,0,0,0,0,0,3,0,0,6,0,0,0,0,0,0,0,0,0
1688,0,0,0,0,2,1,0,0,0,0,0,5,0,0,0,0,0,0,0,0,0
1689,0,0,0,0,1,0,0,0,2,0,0,8,3,0,0,0,0,0,0,0,0
1694,0,0,0,0,2,0,0,0,2,0,0,1,0,0,0,0,0,0,0,0,0
1700,0,1,0,0,4,0,0,0,0,0,0,0,0,0,0,0,0,0,0,0,0
1701,0,0,0,0,0,0,0,0,2,0,0,5,0,0,0,0,0,0,0,0,0
1713,0,0,0,0,1,4,0,0,0,0,0,7,4,0,0,0,0,0,0,0,0
1717,0,0,0,0,0,0,0,0,4,0,0,6,0,0,0,0,0,0,0,0,0
1719,0,0,0,0,0,0,0,0,0,0,0,4,1,0,0,0,0,0,0,0,0
1720,0,2,0,0,4,0,0,0,1,0,0,2,0,0,0,0,0,0,0,0,0
1730,0,0,0,0,1,2,0,0,0,0,0,1,0,0,0,0,0,0,0,0,0
1738,0,1,0,0,0,1,0,0,0,0,0,2,0,4,0,0,0,0,0,0,0
1749,0,1,0,0,0,0,0,0,2,0,0,2,1,0,0,0,0,0,0,0,0
1750,0,4,0,0,1,0,0,0,9,0,0,8,4,0,0,0,0,0,0,0,0
1751,0,0,0,0,0,0,0,0,5,0,0,14,5,0,0,0,0,0,0,0,0
1752,0,0,0,0,0,0,0,0,3,0,0,2,1,0,0,0,0,0,0,0,0
1754,0,0,0,0,0,0,0,0,0,0,0,0,1,1,0,0,0,0,0,0,0
1760,0,0,0,0,0,0,0,0,0,0,0,2,0,0,0,0,0,0,0,0,0
1761,0,0,0,0,1,0,1,0,0,0,0,0,1,0,0,0,0,0,0,0,0
1762,0,0,0,0,1,0,0,0,0,0,0,2,0,0,0,0,0,0,0,0,0
1765,0,0,0,0,0,0,0,0,2,0,0,3,0,0,0,0,0,0,0,0,0
1766,0,0,0,0,0,0,0,0,3,0,0,2,2,0,0,0,0,0,0,0,0
1768,0,3,0,0,2,0,0,0,0,0,0,0,1,0,0,0,0,0,0,0,0
1771,0,0,0,0,1,1,0,0,5,0,0,2,4,0,0,0,0,0,0,0,0
1772,0,1,0,0,1,1,0,0,2,0,0,2,0,0,0,0,0,0,0,0,0
1788,0,0,0,0,0,0,0,0,4,0,0,8,4,0,0,0,0,0,0,0,0
1798,0,0,0,0,6,1,0,0,1,0,0,1,1,0,0,0,0,0,0,0,0
1801,0,0,0,0,3,0,0,0,1,0,0,4,1,0,0,0,0,0,0,0,0
1804,0,2,0,0,5,0,0,0,0,0,0,0,0,0,0,0,0,0,0,0,0
1807,0,0,0,0,0,0,0,0,1,0,0,1,1,0,0,0,0,0,0,0,0
1810,0,0,0,0,0,0,0,0,0,0,0,2,1,0,0,0,0,0,0,0,0
1813,0,0,0,0,0,0,0,0,3,0,0,3,2,0,0,0,0,0,0,0,0
1814,0,0,0,0,1,1,0,0,1,0,0,1,0,1,0,0,0,0,0,0,0
1816,0,2,0,0,0,0,0,0,4,0,0,2,1,0,0,0,0,0,0,0,0
1820,0,0,0,0,1,1,2,0,0,0,0,4,0,0,0,0,0,0,0,0,0
1821,0,1,0,0,1,0,0,0,2,0,0,1,0,0,0,0,0,0,0,0,0
1823,0,3,0,0,1,0,0,0,0,0,0,3,1,0,0,0,0,0,0,0,0
1824,0,3,0,0,2,2,0,0,1,0,0,2,0,0,0,0,0,0,0,0,0
1830,0,0,0,0,0,0,0,0,4,0,0,8,0,0,0,0,0,0,0,0,0
1836,0,0,0,0,1,1,0,0,1,0,0,1,3,0,0,0,0,0,0,0,0
1837,0,0,0,0,1,0,0,0,2,0,0,2,0,0,0,0,0,0,0,0,0
1838,0,0,0,0,3,0,0,0,0,0,0,1,3,0,0,0,0,0,0,0,0
1840,0,1,0,0,2,0,0,0,2,0,0,1,1,0,0,0,0,0,0,0,0
1843,0,0,0,0,0,0,0,0,1,0,0,3,2,0,0,0,0,0,0,0,0
1844,0,0,0,0,1,0,0,0,1,0,0,2,4,0,0,0,0,0,0,0,0
1845,0,0,0,0,0,0,0,0,4,0,0,3,5,0,0,0,0,0,0,0,0
1846,0,0,0,0,0,0,0,0,1,0,0,1,0,0,0,0,0,0,0,0,0
1848,0,0,0,0,5,0,0,0,0,0,0,0,0,0,0,0,0,0,0,0,0
1851,0,8,0,0,2,1,1,0,0,0,0,0,0,0,0,0,0,0,0,0,0
1854,0,0,0,0,0,0,0,0,0,0,0,1,0,0,0,0,0,0,0,0,0
1857,0,2,0,0,0,0,0,0,0,0,0,0,0,0,0,0,0,0,0,0,0
1858,0,0,0,0,0,0,0,0,0,0,0,5,0,0,0,0,0,0,0,0,0
1859,0,0,0,0,2,1,0,0,2,0,0,2,0,0,0,0,0,0,0,0,0
1860,0,0,0,0,3,1,0,0,2,0,0,2,1,0,0,0,0,0,0,0,0
1862,0,0,0,0,2,0,0,0,1,0,0,3,0,0,0,0,0,0,0,0,0
1867,0,2,0,0,2,2,0,0,0,0,0,1,0,0,0,0,0,0,0,0,0
1872,0,3,0,0,2,3,0,0,0,0,0,3,1,0,0,0,0,0,0,0,0
1873,0,3,0,0,7,2,0,0,0,0,0,0,0,0,0,0,0,0,0,0,0
1874,0,0,0,0,0,1,0,0,3,0,0,2,2,0,0,0,0,0,0,0,0
1879,0,0,0,0,2,1,0,0,2,0,0,6,4,0,0,0,0,0,0,0,0
1880,0,0,0,0,12,1,0,0,0,0,0,1,1,0,0,0,0,0,0,0,0
1883,0,0,0,0,1,0,0,0,0,0,0,5,1,0,0,0,0,0,0,0,0
1885,0,0,0,0,2,0,0,0,8,0,0,2,1,0,0,0,0,0,0,0,0
1889,0,2,0,0,2,0,0,0,2,0,0,3,1,0,0,0,0,0,0,0,0
1891,0,0,0,0,1,2,0,0,1,0,0,3,1,1,0,0,0,0,0,0,0
1892,0,0,0,0,0,0,0,0,1,0,0,6,1,0,0,0,0,0,0,0,0
1893,0,0,0,0,2,0,0,0,1,0,0,1,0,2,0,0,0,0,0,0,0
1894,0,0,0,0,3,1,0,0,1,0,0,5,0,0,0,0,0,0,0,0,0
1895,0,1,0,0,1,2,1,0,0,0,0,1,0,0,0,0,0,0,0,0,0
1897,0,1,0,0,0,0,0,0,5,0,0,0,0,0,0,0,0,0,0,0,0
1902,0,1,0,0,1,0,0,0,0,0,0,1,1,0,0,0,0,0,0,0,0
1906,0,0,0,0,2,0,1,0,0,0,0,0,1,0,0,0,0,0,0,0,0
1909,0,0,0,0,0,0,0,0,0,0,0,4,1,5,0,0,0,0,0,0,0
1911,0,1,0,0,2,1,0,0,2,0,0,1,0,0,0,0,0,0,0,0,0
1918,0,0,0,0,0,0,0,0,1,0,0,8,1,0,0,0,0,0,0,0,0
1922,0,0,0,0,0,0,0,0,4,0,0,6,0,0,0,0,0,0,0,0,0
1931,0,0,0,0,0,0,0,0,0,0,0,3,0,0,0,0,0,0,0,0,0
1933,0,8,0,0,0,0,0,0,4,0,0,3,1,0,0,0,0,0,0,0,0
1946,0,0,0,0,0,0,0,0,2,0,0,1,0,0,0,0,0,0,0,0,0
1951,0,0,0,0,0,0,0,0,14,0,0,2,0,0,0,0,0,0,0,0,0
1954,0,0,0,0,1,0,0,0,0,0,0,2,1,0,0,0,0,0,0,0,0
1957,0,3,0,0,1,2,0,0,1,0,0,2,0,0,0,0,0,0,0,0,0
1959,0,0,0,0,1,3,0,0,1,0,0,2,1,0,0,0,0,0,0,0,0
1960,0,0,0,0,0,0,0,0,6,0,0,4,2,0,0,0,0,0,0,0,0
1961,0,0,0,0,2,2,0,0,2,0,0,2,2,0,0,0,0,0,0,0,0
1967,0,5,0,0,2,0,0,0,1,0,0,3,2,0,0,0,0,0,0,0,0
1968,0,1,0,0,1,0,1,0,4,0,0,1,0,0,0,0,0,0,0,0,0
1970,0,0,0,0,0,0,0,0,7,0,0,12,1,0,0,0,0,0,0,0,0
1971,0,0,0,0,2,0,0,0,2,0,0,2,2,0,0,0,0,0,0,0,0
1974,0,0,0,0,0,0,0,0,2,0,0,3,0,0,0,0,0,0,0,0,0
1977,0,0,0,0,0,0,0,0,0,0,0,10,0,0,0,0,0,0,0,0,0
1980,0,0,0,0,0,0,0,0,4,0,0,2,3,0,0,0,0,0,0,0,0
1984,0,1,0,0,4,0,1,0,1,0,0,2,2,0,0,0,0,0,0,0,0
1985,0,0,0,0,2,1,1,0,1,0,0,1,2,0,0,0,0,0,0,0,0
1992,0,2,0,0,1,0,0,0,1,0,0,2,1,0,0,0,0,0,0,0,0
1993,0,2,0,0,0,0,0,0,1,0,0,3,2,2,0,0,0,0,0,0,0
1994,0,0,0,0,5,4,0,0,0,0,0,1,0,0,0,0,0,0,0,0,0
1997,0,3,0,0,7,2,0,0,3,0,0,1,0,0,0,0,0,0,0,0,0
2000,0,0,0,0,0,0,0,0,0,0,0,3,2,0,0,0,0,0,0,0,0
2004,0,0,0,0,3,0,0,0,1,0,0,1,2,0,0,0,0,0,0,0,0
2020,0,0,0,0,1,1,1,0,0,0,0,1,1,1,0,0,0,0,0,0,0
2026,0,0,0,0,2,0,0,0,0,0,0,1,0,0,0,0,0,0,0,0,0
2027,0,2,0,0,1,0,0,0,3,0,0,0,0,0,0,0,0,0,0,0,0
2028,0,0,0,0,2,1,0,0,1,0,0,7,0,0,0,0,0,0,0,0,0
2029,0,9,0,0,0,0,0,0,13,0,0,3,1,0,0,0,0,0,0,0,0
2030,0,0,0,0,1,1,1,0,0,0,0,0,0,0,0,0,0,0,0,0,0
2034,0,0,0,0,0,0,0,0,3,0,0,7,0,0,0,0,0,0,0,0,0
2037,0,0,0,0,1,0,0,0,0,0,0,3,1,0,0,0,0,0,0,0,0
2038,0,0,0,0,1,0,0,0,0,0,0,4,0,0,0,0,0,0,0,0,0
2044,0,0,0,0,2,0,0,0,4,0,0,4,2,0,0,0,0,0,0,0,0
2045,0,1,0,0,1,0,0,0,1,0,0,1,0,0,0,0,0,0,0,0,0
2047,0,1,0,0,0,0,0,0,1,0,0,1,0,0,0,0,0,0,0,0,0
2049,0,4,0,0,8,2,0,0,3,0,0,0,1,0,0,0,0,0,0,0,0
2064,0,0,0,0,1,0,0,0,0,0,0,5,0,0,0,0,0,0,0,0,0
2065,0,0,0,0,4,0,0,0,0,0,0,0,1,0,0,0,0,0,0,0,0
2074,0,0,0,0,0,0,0,0,2,0,0,3,0,0,0,0,0,0,0,0,0
2076,0,0,0,0,1,0,0,0,0,0,0,0,0,0,0,0,0,0,0,0,0
2082,0,4,0,0,0,1,0,0,0,0,0,2,0,0,0,0,0,0,0,0,0
2084,0,0,0,0,0,0,0,0,0,0,0,2,0,0,0,2,0,0,0,0,0
2086,0,0,0,0,0,0,0,0,5,0,0,3,0,0,0,0,0,0,0,0,0
2087,0,5,0,0,0,0,0,0,16,0,0,3,0,0,0,1,0,0,0,0,0
2092,0,3,0,0,0,0,0,0,5,0,0,2,0,0,0,0,0,0,0,0,0
2110,0,0,0,0,0,0,0,0,3,0,0,5,2,0,0,0,0,0,0,0,0
2111,0,0,0,0,0,1,0,0,0,0,0,1,1,0,0,0,0,0,0,0,0
2115,0,3,0,0,1,0,0,0,1,0,0,0,0,0,0,0,0,0,0,0,0
2117,0,0,0,0,3,1,0,0,5,0,0,1,1,0,0,0,0,0,0,0,0
2118,0,0,0,0,1,0,0,0,3,0,0,6,2,0,0,0,0,0,0,0,0
2124,0,0,0,0,0,1,2,0,1,0,0,1,0,0,0,0,0,0,0,0,0
2136,0,3,0,0,2,3,0,0,0,0,0,1,0,0,0,0,0,0,0,0,0
2141,0,0,0,0,0,0,0,0,1,0,0,2,1,1,0,0,0,0,0,0,0
2144,0,1,0,0,2,1,0,0,1,0,0,1,0,0,0,0,0,0,0,0,0
2154,0,2,0,0,0,0,0,0,1,0,0,3,0,0,0,0,0,0,0,0,0
2158,0,0,0,0,2,0,0,0,1,0,0,3,2,6,0,0,0,0,0,0,0
2164,0,0,0,0,0,1,2,0,0,0,0,1,1,1,0,0,0,0,0,0,0
2167,0,1,0,0,0,1,0,0,2,0,0,2,0,0,0,0,0,0,0,0,0
2169,0,1,0,0,2,1,0,0,1,0,0,3,1,0,0,0,0,0,0,0,0
2175,0,0,0,0,1,1,1,0,0,0,0,1,1,0,0,0,0,0,0,0,0
2177,0,0,0,0,1,1,0,0,0,0,0,2,0,2,0,0,0,0,0,0,0
2178,0,0,0,0,1,0,0,0,1,0,0,1,0,0,0,0,0,0,0,0,0
2179,0,1,0,0,0,1,0,0,0,0,0,6,2,0,0,0,0,0,0,0,0
2188,0,0,0,0,4,0,0,0,2,0,0,2,0,0,0,0,0,0,0,0,0
2190,0,0,0,0,5,0,0,0,0,0,0,3,4,5,0,0,0,0,0,0,0
2193,0,1,0,0,2,0,0,0,0,0,0,0,2,0,0,0,0,0,0,0,0
2194,0,1,0,0,0,0,2,0,5,0,0,5,1,3,0,0,0,0,0,0,0
2197,0,0,0,0,1,0,0,0,19,0,0,5,3,0,0,0,0,0,0,0,0
2202,0,0,0,0,2,1,0,0,41,0,0,7,2,0,0,0,0,0,0,0,0
2205,0,2,0,0,7,0,0,0,9,0,0,26,5,0,0,0,0,0,0,0,0
2206,0,0,0,0,1,0,0,0,7,0,0,3,0,0,0,4,0,0,0,0,0
2211,0,0,0,0,3,0,0,0,1,0,0,1,0,0,0,0,0,0,0,1,0
2214,0,1,0,0,2,0,1,0,2,0,0,2,0,0,0,0,0,0,0,0,0
2215,0,2,0,0,3,0,0,0,1,0,0,2,0,0,0,0,0,0,0,0,0
2222,0,0,0,0,0,0,0,0,1,0,0,1,1,0,0,0,0,0,0,0,0
2223,0,3,0,0,3,0,0,0,0,0,0,3,1,0,0,0,0,0,0,0,0
2225,0,2,0,0,3,2,0,0,0,0,0,0,0,0,0,0,0,0,0,0,0
2230,0,3,0,0,5,0,0,0,3,0,0,7,1,0,0,0,0,0,0,0,0
2231,0,3,0,0,8,5,0,0,19,0,0,17,2,0,0,0,0,0,0,0,0
2234,0,1,0,0,3,0,0,0,2,0,0,1,0,0,0,0,0,0,0,0,0
2236,0,0,0,0,2,0,0,0,2,0,0,1,0,0,0,0,0,0,0,0,0
2237,0,0,0,0,0,0,0,0,1,0,0,4,3,0,0,0,0,0,0,0,0
2238,0,4,0,0,9,9,0,0,3,0,0,15,5,0,0,0,0,0,0,0,0
2239,0,3,0,0,0,0,0,0,4,0,0,18,2,0,0,0,0,0,0,0,0
2243,0,2,0,0,3,0,0,0,5,0,0,34,11,0,0,0,0,0,0,0,0
2253,0,0,0,0,1,0,0,0,5,0,0,9,4,0,0,0,0,0,0,0,0
2255,0,5,0,0,6,3,2,0,2,0,0,1,0,0,0,0,0,0,0,0,0
2259,0,6,0,0,5,1,0,0,10,0,0,3,3,0,0,0,0,0,0,0,0
2262,0,1,0,0,2,2,0,0,1,0,0,1,0,0,0,0,0,0,0,0,0
2270,0,5,0,0,19,3,0,0,3,0,0,3,0,0,0,0,0,0,0,0,0
2271,0,3,0,0,10,3,1,0,9,0,0,5,0,0,0,1,0,0,0,0,0
2277,0,0,0,0,0,0,0,0,2,0,0,5,3,0,0,0,0,0,0,0,0
2280,0,0,0,0,3,0,2,0,5,0,0,8,1,1,0,1,0,0,3,1,0
2281,0,0,0,0,2,2,0,0,3,0,0,3,1,0,0,0,0,0,0,0,0
2282,0,0,0,0,1,3,1,0,5,0,0,6,1,0,0,0,0,0,0,0,0
2286,0,1,0,0,3,1,0,0,7,0,0,2,0,0,0,0,0,0,0,0,0
2287,0,0,0,0,0,0,0,0,2,0,0,2,0,0,0,0,0,0,0,0,0
2293,0,0,0,0,4,1,0,0,1,0,0,1,0,0,0,0,0,0,0,0,0
2294,0,2,0,0,3,1,0,0,5,0,0,3,1,0,0,0,0,0,0,0,0
2295,0,1,0,0,4,1,0,0,23,0,0,5,1,0,0,0,0,0,0,0,0
2297,0,1,0,0,2,2,0,0,2,0,0,0,0,0,0,0,0,0,0,0,0
2301,0,5,0,0,7,0,1,0,4,0,0,3,2,0,0,0,0,0,0,0,0
2304,0,5,0,0,11,3,0,0,2,0,0,7,0,0,0,0,0,0,0,0,0
2310,0,1,0,0,7,4,1,0,3,0,0,0,1,2,0,0,0,0,0,0,0
2311,0,2,0,0,2,0,0,0,0,0,0,2,2,0,0,0,0,0,0,0,0
2312,0,4,0,0,3,0,0,0,3,0,0,0,0,0,0,0,0,0,0,0,0
2319,0,5,0,0,2,0,0,0,1,0,0,1,0,0,0,0,0,0,0,0,0
2321,0,0,0,0,4,1,0,0,6,0,0,35,8,1,0,0,0,0,0,0,0
2327,0,2,0,0,7,0,0,0,2,0,0,1,0,0,0,0,0,0,0,0,0
2328,0,1,0,0,4,1,0,0,6,0,0,3,1,0,0,0,0,0,0,0,0
2329,0,4,0,0,19,4,1,0,4,0,0,19,4,0,0,0,0,0,0,0,0
2334,0,0,0,0,4,0,0,0,1,0,0,17,2,0,0,0,0,0,0,0,0
2339,0,0,0,0,7,1,0,0,0,0,0,6,0,0,0,0,0,0,0,0,0
2341,0,4,0,0,9,1,0,0,0,0,0,4,1,0,0,0,0,0,0,0,0
2342,0,3,0,0,3,5,17,0,2,0,0,1,0,0,0,0,0,0,0,0,0
2343,0,0,0,0,6,0,0,0,11,0,0,1,0,1,0,0,0,0,0,0,0
2347,0,2,0,0,0,0,0,0,3,0,0,1,0,0,0,0,0,0,0,0,0
2351,0,0,0,0,1,0,0,0,0,0,0,2,0,0,0,0,0,0,0,0,0
2352,0,3,0,0,3,0,0,0,11,0,0,5,1,0,0,0,0,0,0,0,0
2356,0,0,0,0,0,0,0,0,3,0,0,20,1,0,0,0,0,0,0,0,0
2357,0,0,0,0,1,0,0,0,1,0,0,0,1,0,0,0,0,0,0,0,0
2358,0,1,0,0,2,0,0,0,1,0,0,1,1,0,0,0,0,0,0,0,0
2361,0,2,0,0,2,0,0,0,1,0,0,2,0,0,0,0,0,0,0,0,0
2365,0,0,0,0,0,1,0,0,0,0,0,0,1,0,0,0,0,0,0,0,0
2369,0,3,0,0,12,4,4,0,4,0,0,1,0,0,0,0,0,0,0,0,0
2375,0,0,0,0,0,0,0,0,2,0,0,2,1,1,0,0,0,0,0,0,0
2386,0,0,0,0,0,0,0,0,17,0,0,9,2,0,0,0,0,0,0,0,0
2389,0,5,0,0,5,2,0,0,3,0,0,8,1,0,0,0,0,0,0,0,0
2390,0,1,0,0,6,0,0,0,43,0,0,2,0,0,0,0,0,0,0,0,0
2396,0,0,0,0,1,1,0,0,2,0,0,2,1,0,0,0,0,0,0,0,0
2405,0,2,0,0,0,2,0,0,5,0,0,4,0,1,0,0,0,0,0,0,0
2409,0,0,0,0,3,0,0,0,3,0,0,14,1,0,0,0,0,0,0,0,0
2410,0,2,0,0,3,0,0,0,3,0,0,0,2,1,0,0,0,0,0,0,0
2412,0,1,0,0,9,1,0,0,2,0,0,2,1,0,0,0,0,0,0,0,0
2415,0,0,0,0,5,0,0,0,1,0,0,0,0,0,0,0,0,0,0,0,0
2418,0,3,0,0,2,0,0,0,7,0,0,5,2,0,0,0,0,0,0,0,0
2419,0,1,0,0,2,2,0,0,8,0,0,4,2,0,0,0,0,0,0,0,0
2423,0,0,0,0,0,0,0,0,1,0,0,1,1,0,0,0,0,0,0,1,1
2426,0,0,0,0,1,0,0,0,2,0,0,2,1,0,0,0,0,0,0,1,0
2432,0,1,0,0,2,0,0,0,4,0,0,1,1,3,0,0,0,0,0,0,0
2433,0,2,0,0,0,3,0,0,16,0,0,7,1,0,0,0,0,0,0,0,0
2441,0,2,0,0,2,1,0,0,9,0,0,3,0,0,0,2,0,0,0,0,0
2444,0,1,0,0,4,0,0,0,5,0,0,3,0,0,0,0,0,0,0,0,0
2446,0,1,0,0,2,1,0,0,4,0,0,9,1,0,0,0,0,0,0,0,0
2448,0,3,0,0,6,0,0,0,2,0,0,1,0,0,0,0,0,0,0,0,0
2449,0,0,0,0,1,0,1,0,2,0,0,1,1,0,0,0,0,0,0,0,0
2456,0,3,0,0,6,0,0,0,15,0,0,7,1,0,0,0,0,0,0,0,0
2457,0,1,0,0,1,0,0,0,18,0,0,7,3,0,0,0,0,0,0,0,0
2458,0,5,0,0,12,6,0,0,2,0,0,0,2,0,0,0,0,0,0,0,0
2461,0,1,0,0,2,0,0,0,4,0,0,5,2,1,0,0,0,0,0,0,0
2468,0,1,0,0,1,0,0,0,6,0,0,17,3,0,0,1,0,0,0,0,0
2478,0,2,0,0,7,1,0,0,4,0,0,1,0,0,0,0,0,0,0,0,0
2485,0,3,0,0,13,1,0,0,1,0,0,0,2,0,0,0,0,0,0,0,0
2489,0,0,0,0,0,0,0,0,2,0,0,12,0,0,0,0,0,0,0,0,0
2495,0,3,0,0,5,0,0,0,5,0,0,8,8,0,0,0,0,0,1,0,0
2506,0,0,0,0,1,0,0,0,0,0,0,2,3,0,0,0,0,0,0,0,0
2513,0,3,0,0,4,0,0,0,20,0,0,5,1,0,0,1,0,0,0,0,0
2518,0,2,0,0,3,0,0,0,5,0,0,4,2,0,0,0,0,0,0,0,0
2523,0,0,0,0,0,0,0,0,0,0,0,1,0,0,0,2,0,0,1,0,0
2528,0,1,0,0,4,3,0,0,4,0,0,5,3,1,0,0,0,0,0,0,0
2532,0,0,0,0,1,0,0,0,0,0,0,1,0,0,0,0,0,0,0,0,0
2534,0,4,0,0,4,1,0,0,2,0,0,3,0,0,0,0,0,0,0,0,0
2538,0,3,0,0,4,0,0,0,0,0,0,0,1,0,0,0,0,0,0,0,0
2539,0,0,0,0,4,0,0,0,6,0,0,6,2,1,0,0,0,0,1,0,0
2540,0,0,0,0,0,0,0,0,2,0,0,5,1,0,0,0,0,0,0,0,0
2541,0,0,0,0,4,0,0,0,5,0,0,9,2,0,0,0,0,0,0,0,0
2543,0,2,0,0,3,0,0,0,4,0,0,21,3,0,0,0,0,0,0,0,0
2544,0,6,0,0,14,2,0,0,4,0,0,13,2,0,0,0,0,0,0,0,0
2545,0,0,0,0,0,0,0,0,0,0,0,3,1,0,0,0,0,0,0,0,0
2554,0,2,0,0,8,2,0,0,4,0,0,1,0,0,0,0,0,0,0,0,0
2556,0,0,0,0,0,0,0,0,3,0,0,1,0,0,0,0,0,0,0,0,0
2557,0,1,0,0,4,0,0,0,4,0,0,2,1,0,0,0,0,0,0,0,0
2567,0,0,0,0,0,0,0,0,7,0,0,10,1,0,0,0,0,0,0,0,0
2573,0,2,0,0,4,0,2,0,7,0,0,22,7,0,0,0,0,0,0,0,0
2574,0,0,0,0,3,1,1,0,3,0,0,14,0,0,0,0,0,0,0,0,0
2575,0,0,0,0,0,2,0,0,3,0,0,1,0,1,0,0,0,0,0,0,0
2580,0,3,0,0,3,0,0,0,3,0,0,23,11,0,0,0,0,0,0,0,0
2592,0,0,0,0,0,0,0,0,2,0,0,1,0,0,0,0,0,0,0,0,0
2604,0,0,0,0,2,2,0,0,2,0,0,5,1,0,0,0,0,0,0,0,0
2610,0,0,0,0,0,0,0,0,7,0,0,3,0,0,0,0,0,0,0,0,0
2619,0,0,0,0,4,0,0,0,18,0,0,4,1,1,0,0,0,0,0,0,0
2625,0,0,0,0,3,2,0,0,2,0,0,7,3,0,0,0,0,0,0,1,0
2629,0,0,0,0,1,0,0,0,5,0,0,9,4,0,0,0,0,0,0,0,0
2636,0,1,0,0,8,3,0,0,2,0,0,0,1,0,0,0,0,0,0,0,0
2645,0,2,0,0,6,0,0,0,0,0,0,1,0,0,0,0,0,0,0,0,0
2650,0,2,0,0,1,2,0,0,3,0,0,1,1,0,0,0,0,0,0,0,0
2654,0,3,0,0,3,0,0,0,1,0,0,1,0,1,0,0,0,0,0,0,0
2672,0,0,0,0,0,0,0,0,1,0,0,5,9,8,0,1,0,0,0,0,1
2680,0,1,0,0,3,2,0,0,3,0,0,19,1,0,0,0,0,0,0,0,0
2692,0,1,0,0,3,1,0,0,5,0,0,2,0,1,0,0,0,0,0,0,0
2702,0,1,0,0,4,0,0,0,1,0,0,1,0,0,0,0,0,0,0,0,0
2708,0,0,0,0,0,0,0,0,11,0,0,37,6,0,0,0,0,0,0,0,0
2710,0,2,0,0,4,0,0,0,2,0,0,5,2,0,0,0,0,0,0,0,0
2715,0,2,0,0,1,0,0,0,0,0,0,1,0,1,0,0,0,0,0,0,0
2717,0,15,0,0,7,1,0,0,11,0,0,5,1,0,0,0,0,0,0,0,0
2722,0,0,0,0,0,0,0,0,2,0,0,10,6,0,0,0,0,0,0,0,0
2726,0,11,0,0,2,0,0,0,8,0,0,27,5,0,0,0,0,0,0,0,0
2728,0,1,0,0,2,1,0,0,1,0,0,17,4,0,0,0,0,0,0,0,0
2744,0,2,0,0,2,1,0,0,4,0,0,31,10,0,0,0,0,0,0,0,0
2745,0,0,0,0,11,7,0,0,28,0,0,6,2,1,0,0,0,0,0,0,0
2748,0,0,0,0,4,1,0,0,5,0,0,5,1,0,0,0,0,0,0,0,0
2758,0,1,0,0,0,0,0,0,3,0,0,16,4,0,0,0,0,0,0,0,0
2759,0,1,0,0,0,0,0,0,1,0,0,1,1,0,0,0,0,0,0,0,0
2764,0,2,0,0,4,4,0,0,2,0,0,0,1,1,0,0,0,0,0,0,0
2776,0,0,0,0,0,0,0,0,8,0,0,8,2,1,0,0,0,0,0,0,0
2779,0,5,0,0,15,6,1,0,0,0,0,0,0,0,0,0,0,0,0,0,0
2780,0,0,0,0,1,0,0,0,8,0,0,24,6,16,0,0,0,0,0,0,0
2781,0,0,0,0,0,2,0,0,28,0,0,15,1,0,0,0,0,0,0,0,0
2782,0,0,0,0,2,0,0,0,2,0,0,10,2,0,0,0,0,0,0,0,0
2783,0,0,0,0,2,2,0,0,10,0,0,5,3,0,0,0,0,0,0,0,0
2795,0,2,0,0,4,0,0,0,5,0,0,5,2,0,0,0,0,0,0,0,0
2822,0,0,0,0,0,0,0,0,7,0,0,10,1,0,0,0,0,0,0,0,0
2830,0,11,0,0,0,0,0,0,23,0,0,3,0,0,0,0,0,0,0,0,0
2831,0,1,0,0,3,3,0,0,2,0,0,1,0,0,0,0,0,0,0,0,0
2834,0,0,0,0,2,3,0,0,1,0,0,1,0,0,0,0,0,0,0,0,0
2837,0,3,0,0,1,4,1,0,4,0,0,1,0,0,0,0,0,0,0,0,0
2839,0,0,0,0,0,1,0,0,3,0,0,4,0,0,0,0,0,0,0,0,0
2843,0,2,0,0,1,0,2,0,3,0,0,1,0,0,0,0,0,0,0,0,0
2849,0,0,0,0,1,0,0,0,14,0,0,1,1,0,0,0,0,0,0,0,0
2854,0,0,0,0,0,0,0,0,21,0,0,15,3,0,0,0,0,0,0,0,0
2859,0,2,0,0,8,2,1,0,2,0,0,7,3,0,0,0,0,0,0,0,0
2863,0,5,0,0,1,2,0,0,4,0,0,8,4,0,0,0,0,0,0,0,0
2864,0,2,0,0,9,0,0,0,2,0,0,20,1,0,0,0,0,0,1,0,0
2867,0,0,0,0,0,0,0,0,3,0,0,12,0,0,0,0,0,0,0,0,0
2875,0,10,0,0,4,0,0,0,9,0,0,18,9,0,0,0,0,0,0,0,0
2876,0,0,0,0,2,0,0,0,1,0,0,7,5,0,0,0,0,0,0,0,0
2881,0,0,0,0,3,10,0,0,1,0,0,13,5,0,0,0,0,0,0,0,0
2885,0,0,0,0,4,0,0,0,2,0,0,9,0,0,0,0,0,0,0,0,0
2888,0,2,0,0,4,0,2,0,14,0,0,6,0,0,0,0,0,0,0,0,0
2889,0,1,0,0,5,0,0,0,2,0,0,4,2,0,0,0,0,0,0,0,0
2890,0,0,0,0,0,0,0,0,9,0,0,3,1,0,0,0,0,0,0,0,0
2898,0,5,0,0,4,3,1,0,3,0,0,3,0,0,0,0,0,0,0,0,0
2899,0,0,0,0,0,0,0,0,5,0,0,6,3,0,0,0,0,0,0,0,0
2900,0,0,0,0,0,0,0,0,3,0,0,12,5,0,0,0,0,0,0,0,0
2901,0,0,0,0,0,0,0,0,3,0,0,1,0,0,0,0,0,0,0,0,0
2904,0,0,0,0,3,1,0,0,0,0,0,1,0,0,0,0,0,0,0,0,0
2905,0,3,0,0,3,3,0,0,0,0,0,3,2,0,0,0,0,0,0,0,0
2907,0,10,0,0,8,2,0,0,1,0,0,1,1,1,0,0,0,0,0,0,0
2911,0,0,0,0,0,2,0,0,0,0,0,0,0,2,0,0,0,0,0,0,0
2916,0,5,0,0,9,1,1,0,0,0,0,2,0,0,0,0,0,0,0,0,0
2917,0,1,0,0,4,4,1,0,3,0,0,18,3,1,0,0,0,0,0,0,0
2920,0,5,0,0,2,4,1,0,2,0,0,1,0,1,0,0,0,0,0,0,0
2927,0,0,0,0,0,0,0,0,1,0,0,1,0,0,0,0,0,0,0,0,0
2928,0,3,0,0,2,2,0,0,2,0,0,2,0,0,0,0,0,0,0,0,0
2930,0,0,0,0,0,0,0,0,4,0,0,9,1,0,0,0,0,0,0,0,0
2942,0,1,0,0,4,0,0,0,0,0,0,6,1,0,0,0,0,0,0,0,0
2950,0,1,0,0,2,0,0,0,11,0,0,1,0,0,0,0,0,0,0,0,0
2952,0,8,0,0,6,2,0,0,8,0,0,16,1,3,0,1,0,0,0,0,0
2969,0,3,0,0,5,0,0,0,1,0,0,1,0,0,0,0,0,0,0,0,0
2972,0,5,0,0,0,1,0,0,17,0,0,8,2,0,0,0,0,0,0,0,0
2976,0,3,0,0,2,0,0,0,9,0,0,11,3,2,0,0,0,0,0,0,0
2978,0,2,0,0,3,3,0,0,3,0,0,3,1,1,0,0,0,0,0,0,0
2991,0,1,0,0,1,0,0,0,4,0,0,2,0,0,0,0,0,0,0,0,0
2993,0,0,0,0,2,3,0,0,7,0,0,36,8,1,0,0,0,0,0,0,0
2998,0,1,0,0,2,2,0,0,5,0,0,13,3,1,0,0,0,0,1,0,0
2999,0,0,0,0,2,1,0,0,1,0,0,16,9,0,0,0,0,0,0,0,0
3006,0,0,0,0,1,1,1,0,1,0,0,5,7,0,0,0,0,0,0,0,0
3009,0,0,0,0,0,0,0,0,2,0,0,12,3,0,0,0,0,0,0,0,0
3012,0,1,0,0,2,0,0,0,12,0,0,3,0,0,0,0,0,0,0,0,0
3016,0,4,0,0,6,0,0,0,0,0,0,2,0,0,0,0,0,0,0,0,0
3019,0,0,0,0,0,0,0,0,18,0,0,2,3,0,0,0,0,0,0,0,0
3024,0,0,0,0,0,0,0,0,7,0,0,8,0,0,0,0,0,0,0,0,0
3028,0,0,0,0,1,1,0,0,10,0,0,1,1,0,0,0,0,0,0,0,0
3030,0,0,0,0,1,0,0,0,4,0,0,2,2,0,0,0,0,0,0,0,0
3033,0,12,0,0,8,5,1,0,8,0,0,1,0,0,0,0,0,0,0,0,0
3036,0,2,0,0,10,3,0,0,3,0,0,15,1,0,0,0,0,0,0,0,0
3037,0,1,0,0,6,2,0,0,2,0,0,2,1,0,0,0,0,0,0,0,0
3039,0,0,0,0,0,0,0,0,19,0,0,24,11,2,0,0,0,0,0,0,0
3054,0,0,0,0,0,0,0,0,0,0,0,2,0,0,0,0,0,0,1,0,0
3103,0,0,0,0,4,1,0,0,1,0,0,11,1,1,0,0,0,0,0,0,0
3107,0,0,0,0,1,1,0,0,21,0,0,19,0,0,0,0,0,0,0,0,0
3113,0,1,0,0,3,0,0,0,2,0,0,18,4,0,0,0,0,0,0,0,0
3117,0,2,0,0,4,1,0,0,2,0,0,9,4,0,0,0,0,0,0,0,0
3120,0,2,0,0,9,1,0,0,2,0,0,0,1,0,0,0,0,0,0,0,0
3123,0,2,0,0,0,1,0,0,0,0,0,1,0,0,0,0,0,0,0,0,0
3124,0,3,0,0,6,4,0,0,0,0,0,0,0,0,0,0,0,0,0,0,0
3126,0,25,0,0,7,5,0,0,4,0,0,1,0,3,0,0,0,0,0,0,0
3129,0,1,0,0,5,0,0,0,8,0,0,12,6,0,0,0,0,0,0,0,0
3130,0,2,0,0,9,0,0,0,3,0,0,3,0,0,0,0,0,0,0,0,0
3135,0,8,0,0,11,6,0,0,4,0,0,5,1,0,0,0,0,0,0,0,0
3137,0,0,0,0,3,0,0,0,6,0,0,5,2,0,0,0,0,0,0,0,0
3146,0,0,0,0,0,0,0,0,18,0,0,16,1,0,0,0,0,0,0,0,0
3150,0,6,0,0,7,2,0,0,1,0,0,4,3,0,0,1,0,0,0,0,0
3156,0,1,0,0,1,0,0,0,1,0,0,0,0,0,0,0,0,0,0,0,0
3159,0,0,0,0,0,0,0,0,8,0,0,7,6,0,0,0,0,0,0,0,0
3165,0,4,0,0,3,0,0,0,12,0,0,7,3,0,0,0,0,0,0,0,0
3167,0,0,0,0,3,0,1,0,2,0,0,1,0,0,0,0,0,0,0,0,0
3170,0,2,0,0,3,0,0,0,1,0,0,1,0,0,0,0,0,0,0,0,0
3171,0,0,0,0,1,0,0,0,4,0,0,3,1,0,0,0,0,0,0,0,0
3176,0,2,0,0,3,3,0,0,4,0,0,14,3,0,0,0,0,0,0,0,0
3177,0,0,0,0,0,0,0,0,3,0,0,7,5,0,0,0,0,0,0,0,0
3189,0,0,0,0,6,0,0,0,3,0,0,2,1,0,0,0,0,0,0,0,0
3198,0,0,0,0,0,0,0,0,0,0,0,0,0,3,0,0,0,0,0,0,0
3209,0,0,0,0,1,0,0,0,5,0,0,3,0,1,0,0,0,0,0,0,0
3223,0,0,0,0,0,0,0,0,2,0,0,2,3,0,0,0,0,0,0,0,0
3231,0,0,0,0,0,0,0,0,2,0,0,1,0,0,0,0,0,0,0,0,0
3232,0,0,0,0,0,0,0,0,1,0,0,1,0,0,0,0,0,0,0,0,0
3234,0,0,0,0,0,0,0,0,2,0,0,1,0,0,0,0,0,0,0,0,0
3262,0,1,0,0,0,0,0,0,5,0,0,8,2,0,0,0,0,0,0,0,0
3271,0,0,0,0,3,0,0,0,5,0,0,13,3,0,0,0,0,0,0,0,0
3272,0,0,0,0,0,0,0,0,1,0,0,7,0,0,0,0,0,0,0,0,0
3274,0,4,0,0,11,2,0,0,3,0,0,1,0,0,0,0,0,0,0,0,0
3276,0,0,0,0,2,3,0,0,2,0,0,8,2,0,0,0,0,0,0,0,0
3280,0,1,0,0,7,2,0,0,6,0,0,3,5,0,0,0,0,0,0,0,0
3282,0,0,0,0,2,0,0,0,2,0,0,1,0,1,0,0,0,0,0,0,0
3283,0,4,0,0,3,0,0,0,13,0,0,2,0,0,0,0,0,0,0,0,0
3284,0,0,0,0,1,1,0,0,4,0,0,7,0,0,0,0,0,0,0,0,0
3285,0,4,0,0,1,0,0,0,2,0,0,1,0,0,0,0,0,0,0,0,0
3287,0,13,0,0,1,1,0,0,1,0,0,0,1,0,0,0,0,0,0,0,0
3289,0,0,0,0,0,0,0,0,3,0,0,4,2,0,0,0,0,0,0,0,0
3290,0,1,0,0,1,0,0,0,3,0,0,2,0,0,0,0,0,0,0,0,0
3305,0,1,0,0,1,0,0,0,2,0,0,2,0,0,0,0,0,0,0,0,0
3306,0,5,0,0,1,2,0,0,0,0,0,0,0,0,0,0,0,0,0,0,0
3308,0,0,0,0,1,0,0,0,2,0,0,9,2,0,0,0,0,0,0,0,0
3311,0,0,0,0,0,2,0,0,6,0,0,7,0,0,0,0,0,0,0,0,0
3314,0,6,0,0,8,1,0,0,1,0,0,1,0,0,0,0,0,0,0,0,0
3320,0,2,0,0,6,5,0,0,16,0,0,5,1,0,0,0,0,0,0,0,0
3322,0,15,0,0,18,2,1,0,1,0,0,0,0,0,0,0,0,0,0,0,0
3329,0,0,0,0,0,0,0,0,2,0,0,7,0,0,0,0,0,0,0,0,0
3377,0,1,0,0,2,0,0,0,30,0,0,10,1,0,0,0,0,0,0,0,0
3381,0,0,0,0,1,0,0,0,4,0,0,15,4,1,0,0,0,0,0,0,0
3383,0,0,0,0,4,2,0,0,2,0,0,11,1,0,0,0,0,0,0,0,0
3429,0,0,0,0,0,0,0,0,3,0,0,7,4,3,0,0,0,0,0,0,0
3430,0,2,0,0,2,0,0,0,3,0,0,3,1,0,0,0,0,0,0,0,0
3432,0,4,0,0,6,0,0,0,1,0,0,0,1,0,0,0,0,0,0,0,0
3435,0,0,0,0,0,0,0,0,0,0,0,2,1,0,0,0,0,0,0,0,0
3436,0,3,0,0,1,0,0,0,1,0,0,0,3,0,0,0,0,0,0,0,0
3437,0,0,0,0,2,3,0,0,2,0,0,1,0,0,0,0,0,0,0,0,0
3445,0,0,0,0,0,0,0,0,2,0,0,6,1,0,0,0,0,0,0,0,0
3450,0,7,0,0,0,1,0,0,12,0,0,7,1,0,0,0,0,0,0,0,0
3451,0,0,0,0,2,1,0,0,1,0,0,1,2,2,0,0,0,0,0,0,0
3458,0,0,0,0,2,0,1,0,1,0,0,16,4,0,0,0,0,0,0,0,0
3464,0,8,0,0,2,2,1,0,12,0,0,18,2,0,0,0,0,0,0,0,0
3468,0,7,0,0,5,1,2,0,1,0,0,2,0,0,0,0,0,0,0,0,0
3474,0,6,0,0,6,0,0,0,3,0,0,1,0,0,0,0,0,0,0,0,0
3481,0,3,0,0,8,1,0,0,2,0,0,16,3,0,0,0,0,0,0,0,0
3486,0,7,0,0,1,2,0,0,1,0,0,7,1,0,0,0,0,0,0,0,0
3489,0,0,0,0,0,0,0,0,0,0,0,7,1,0,0,0,0,0,0,0,0
3491,0,4,0,0,23,4,3,0,2,0,0,1,0,0,0,0,0,0,0,0,0
3492,0,0,0,0,0,0,0,0,5,0,0,2,5,6,0,0,0,0,0,0,0
3504,0,1,0,0,5,0,0,0,2,0,0,3,2,0,0,0,0,0,0,0,0
3508,0,0,0,0,3,0,0,0,2,0,0,6,1,1,0,0,0,0,0,0,0
3510,0,0,0,0,0,0,0,0,3,0,0,3,0,0,0,0,0,0,0,0,0
3512,0,0,0,0,12,0,0,0,3,0,0,2,0,0,0,0,0,0,0,0,0
3513,0,9,0,0,9,2,0,0,6,0,0,18,1,0,0,0,0,0,0,0,0
3516,0,3,0,0,7,4,1,0,3,0,0,9,2,0,0,0,0,0,0,0,0
3519,0,0,0,0,0,0,1,0,1,0,0,1,2,0,0,0,0,0,0,0,0
3521,0,0,0,0,0,0,0,0,1,0,0,1,3,1,0,0,0,0,0,0,0
3523,0,2,0,0,0,1,0,0,2,0,0,3,0,0,0,0,0,0,0,0,0
3526,0,0,0,0,0,0,0,0,2,0,0,5,1,0,0,0,0,0,0,0,0
3527,0,0,0,0,0,0,0,0,4,0,0,12,3,1,0,0,0,0,0,0,0
3529,0,0,0,0,0,0,0,0,22,0,0,14,6,2,0,1,0,0,0,0,0
3530,0,1,0,0,5,2,0,0,5,0,0,3,2,1,0,0,0,0,0,0,0
3532,0,1,0,0,2,0,0,0,0,0,0,1,1,0,0,0,0,0,0,0,0
3537,0,9,0,0,13,0,0,0,4,0,0,3,3,5,0,0,0,0,0,0,1
3540,0,1,0,0,3,2,2,0,6,0,0,12,6,1,0,0,0,0,0,0,0
3542,0,0,0,0,0,0,0,0,1,0,0,1,2,0,0,0,0,0,0,0,0
3544,0,1,0,0,8,2,1,0,1,0,0,6,0,0,0,0,0,0,0,0,0
3545,0,0,0,0,1,0,1,0,0,0,0,4,1,0,0,0,0,0,0,0,0
3547,0,3,0,0,5,0,0,0,2,0,0,0,1,0,0,0,0,0,0,0,0
3549,0,1,0,0,2,0,0,0,2,0,0,4,4,0,0,0,0,0,0,0,0
3550,0,1,0,0,0,0,0,0,2,0,0,1,0,0,0,0,0,0,0,0,0
3552,0,0,0,0,1,0,0,0,4,0,0,8,5,0,0,0,0,0,0,0,0
3553,0,2,0,0,1,0,0,0,0,0,0,1,0,0,0,0,0,0,0,0,0
3555,0,2,0,0,3,1,0,0,2,0,0,1,0,0,0,0,0,0,0,0,0
3557,0,0,0,0,0,0,0,0,4,0,0,3,0,0,0,0,0,0,0,0,0
3563,0,0,0,0,0,0,0,0,12,0,0,9,4,5,0,0,0,0,0,0,0
3567,0,0,0,0,0,0,0,0,2,0,0,1,3,0,0,0,0,0,0,0,0
3568,0,0,0,0,1,0,0,0,20,0,0,14,9,1,0,0,0,0,0,0,0
3571,0,0,0,0,0,0,0,0,1,0,0,7,2,0,0,0,0,0,0,0,0
3573,0,6,0,0,10,0,0,0,2,0,0,1,0,0,0,0,0,0,0,0,0
3578,0,3,0,0,1,2,0,0,16,0,0,5,4,0,0,0,0,0,0,0,0
3582,0,0,0,0,3,0,0,0,2,0,0,2,1,2,0,0,0,0,0,0,0
3587,0,3,0,0,5,2,0,0,6,0,0,3,2,0,0,0,0,0,0,0,0
3593,0,0,0,0,3,1,0,0,4,0,0,7,1,1,0,0,0,0,0,0,0
3594,0,2,0,0,0,0,0,0,3,0,0,1,0,1,0,0,0,0,0,0,0
3595,0,1,0,0,1,1,0,0,2,0,0,2,0,0,0,0,0,0,0,0,0
3598,0,0,0,0,0,0,0,0,7,0,0,5,2,0,0,0,0,0,0,0,0
3600,0,3,0,0,1,0,0,0,3,0,0,13,2,0,0,0,0,0,0,0,0
3601,0,0,0,0,0,0,0,0,4,0,0,2,1,0,0,0,0,0,0,0,0
3602,0,2,0,0,0,1,0,0,6,0,0,2,2,0,0,0,0,0,0,0,0
3604,0,2,0,0,1,1,0,0,6,0,0,10,2,0,0,0,0,0,0,0,0
3610,0,2,0,0,2,0,0,0,9,0,0,5,7,0,0,0,0,0,0,0,0
3611,0,5,0,0,2,0,0,0,31,0,0,7,0,0,0,0,0,0,0,0,0
3618,0,3,0,0,3,1,0,0,3,0,0,14,7,1,0,0,0,0,0,0,0
3621,0,1,0,0,5,0,0,0,2,0,0,5,2,0,0,0,0,0,0,0,0
3622,0,0,0,0,4,0,0,0,6,0,0,20,5,0,0,0,0,0,0,0,0
3623,0,7,0,0,4,3,0,0,6,0,0,5,2,0,0,0,0,0,0,0,0
3626,0,0,0,0,3,0,0,0,2,0,0,1,0,2,0,0,0,0,0,0,0
3627,0,1,0,0,2,0,0,0,1,0,0,2,0,0,0,0,0,0,0,0,0
3631,0,1,0,0,5,5,0,0,2,0,0,1,0,1,0,0,0,0,0,0,0
3637,0,2,0,0,5,1,0,0,7,0,0,12,2,0,0,0,0,0,0,0,0
3638,0,1,0,0,4,2,0,0,5,0,0,2,0,0,0,0,0,0,0,0,0
3639,0,0,0,0,3,1,0,0,4,0,0,2,0,1,0,0,0,0,0,0,0
3641,0,3,0,0,2,0,0,0,7,0,0,11,1,1,0,0,0,0,0,0,0
3642,0,2,0,0,1,0,0,0,2,0,0,2,0,1,0,0,0,0,0,0,0
3649,0,2,0,0,1,0,2,0,9,0,0,5,5,4,0,0,0,0,0,0,0
3650,0,1,0,0,0,1,0,0,1,0,0,4,5,0,0,0,0,0,0,0,0
3653,0,0,0,0,0,0,0,0,1,0,0,1,0,0,0,0,0,0,0,0,0
3654,0,7,0,0,8,0,0,0,12,0,0,9,9,0,0,0,0,0,0,0,0
3656,0,1,0,0,3,0,1,0,12,0,0,13,2,2,0,0,0,0,0,0,0
3660,0,3,0,0,4,2,0,0,4,0,0,9,0,0,0,0,0,0,0,0,0
3661,0,8,0,0,6,0,1,0,4,0,0,2,0,0,0,0,0,0,0,0,0
3663,0,1,0,0,4,1,0,0,2,0,0,2,4,1,0,0,0,0,0,0,0
3669,0,13,0,0,14,1,1,0,2,0,0,1,1,1,0,0,0,0,0,0,0
3672,0,0,0,0,0,0,0,0,4,0,0,0,2,0,0,0,0,0,0,0,0
3674,0,1,0,0,4,1,0,0,1,0,0,4,3,1,0,0,0,0,0,0,0
3677,0,2,0,0,2,0,0,0,4,0,0,4,0,0,0,0,0,0,0,0,0
3678,0,0,0,0,1,1,1,0,3,0,0,1,0,0,0,0,0,0,0,0,0
3680,0,0,0,0,2,1,0,0,0,0,0,1,1,1,0,0,0,0,0,0,0
3682,0,0,0,0,0,2,0,0,2,0,0,1,0,0,0,0,0,0,0,0,0
3683,0,0,0,0,0,0,0,0,5,0,0,6,5,0,0,0,0,0,0,0,0
3687,0,2,0,0,1,1,1,0,0,0,0,0,0,1,0,0,0,0,0,0,0
3689,0,0,0,0,0,0,0,0,0,0,0,2,0,0,0,0,0,0,0,0,0
3691,0,0,0,0,0,0,0,0,10,0,0,4,1,0,0,0,0,0,0,0,0
3693,0,0,0,0,9,5,0,0,3,0,0,4,1,0,0,0,0,0,0,0,0
3695,0,2,0,0,2,1,0,0,0,0,0,0,1,0,0,0,0,0,0,0,0
3696,0,0,0,0,0,0,0,0,3,0,0,4,0,0,0,0,0,0,0,0,0
3698,0,1,0,0,0,1,0,0,5,0,0,7,1,0,0,0,0,0,0,0,0
3701,0,0,0,0,1,0,0,0,9,0,0,11,1,0,0,0,0,0,0,0,0
3702,0,0,0,0,0,0,0,0,0,0,0,1,0,0,0,0,0,0,0,0,0
3703,0,0,0,0,2,0,0,0,10,0,0,6,0,1,0,0,0,0,0,0,0
3706,0,0,0,0,2,0,0,0,2,0,0,1,1,1,0,0,0,0,0,0,0
3708,0,0,0,0,0,0,0,0,0,0,0,6,0,0,0,0,0,0,0,0,0
3710,0,0,0,0,6,1,0,0,3,0,0,0,1,0,0,0,0,0,0,0,0
3714,0,0,0,0,0,0,0,0,17,0,0,11,0,0,0,0,0,0,0,0,0
3715,0,0,0,0,1,0,0,0,2,0,0,2,4,0,0,0,0,0,0,0,0
3717,0,0,0,0,0,0,0,0,2,0,0,0,1,0,0,0,0,0,0,0,0
3720,0,0,0,0,0,0,0,0,2,0,0,1,1,0,0,0,0,0,0,0,0
3722,0,0,0,0,1,0,0,0,1,0,0,1,0,0,0,0,0,0,0,0,0
3723,0,0,0,0,1,0,0,0,1,0,0,1,0,0,0,0,0,0,0,0,0
3724,0,0,0,0,0,0,0,0,4,0,0,4,1,0,0,0,0,0,0,0,0
3726,0,0,0,0,0,0,0,0,5,0,0,0,1,0,0,0,0,0,0,0,0
3733,0,0,0,0,0,0,0,0,16,0,0,25,4,0,0,0,0,0,0,0,0
3734,0,0,0,0,0,0,0,0,8,0,0,13,3,0,0,0,0,0,0,0,0
3738,0,0,0,0,0,0,0,0,13,0,0,26,4,0,0,0,0,0,0,0,0
3741,0,1,0,0,0,0,0,0,2,0,0,2,0,0,0,0,0,0,0,0,0
3745,0,1,0,0,5,1,1,0,7,0,0,6,5,0,0,0,0,0,0,0,0
3749,0,4,0,0,3,0,0,0,2,0,0,3,1,1,0,0,0,0,0,0,0
3750,0,3,0,0,0,0,0,0,13,0,0,13,7,7,0,0,0,0,0,0,0
3755,0,1,0,0,2,0,0,0,6,0,0,1,3,0,0,0,0,0,0,0,0
3759,0,2,0,0,0,0,0,0,7,0,0,15,9,1,0,0,0,0,0,0,0
3761,0,3,0,0,2,0,0,0,5,0,0,6,0,0,0,0,0,0,0,0,0
3762,0,1,0,0,0,0,0,0,6,0,0,4,3,0,0,0,0,0,0,0,0
3764,0,0,0,0,2,0,0,0,2,0,0,5,3,0,0,0,0,0,0,0,0
3765,0,0,0,0,0,0,0,0,2,0,0,2,0,1,0,0,0,0,0,0,0
3770,0,2,0,0,2,0,0,0,0,0,0,3,0,0,0,0,0,0,0,0,0
3772,0,1,0,0,2,0,0,0,1,0,0,1,0,0,0,0,0,0,0,0,0
3779,0,2,0,0,7,3,2,0,1,0,0,0,0,0,0,0,0,0,0,0,0
3780,0,1,0,0,3,0,0,0,3,0,0,5,1,0,0,0,0,0,0,0,0
3785,0,1,0,0,0,0,0,0,13,0,0,8,8,0,0,0,0,0,0,0,0
3786,0,1,0,0,0,0,0,0,6,0,0,3,1,0,0,0,0,0,0,0,0
3788,0,0,0,0,0,0,0,0,5,0,0,4,0,0,0,1,0,0,0,0,0
3791,0,1,0,0,0,0,0,0,17,0,0,13,0,2,0,0,0,0,0,0,0
3795,0,0,0,0,1,0,0,0,3,0,0,1,0,0,0,0,0,0,0,0,0
3800,0,0,0,0,0,0,0,0,6,0,0,4,2,1,0,1,0,0,0,0,0
3801,0,1,0,0,0,0,0,0,25,0,0,7,0,0,0,0,0,0,0,0,0
3802,0,5,0,0,5,0,0,0,11,0,0,9,0,0,0,0,0,0,0,0,0
3803,0,0,0,0,3,0,0,0,2,0,0,8,2,0,0,0,0,0,0,0,0
3807,0,0,0,0,1,0,0,0,8,0,0,8,1,0,0,0,0,0,0,0,0
3810,0,3,0,0,3,3,1,0,4,0,0,4,2,0,0,0,0,0,0,0,0
3812,0,3,0,0,2,1,0,0,2,0,0,4,1,0,0,0,0,0,0,0,0
3814,0,0,0,0,2,1,0,0,6,0,0,3,1,0,0,0,0,0,0,0,0
3815,0,1,0,0,3,1,0,0,2,0,0,5,0,0,0,0,0,0,0,0,0
3818,0,0,0,0,0,0,0,0,1,0,0,11,3,0,0,0,0,0,0,0,0
3821,0,0,0,0,2,1,0,0,2,0,0,11,3,0,0,0,0,0,0,0,0
3823,0,1,0,0,1,0,0,0,4,0,0,1,0,0,0,0,0,0,0,0,0
3824,0,1,0,0,3,0,0,0,0,0,0,1,0,0,0,0,0,0,0,0,0
3826,0,5,0,0,0,0,0,0,11,0,0,1,0,0,0,0,0,0,0,0,0
3827,0,1,0,0,0,0,0,0,1,0,0,3,0,0,0,0,0,0,0,0,0
3828,0,0,0,0,3,0,0,0,2,0,0,0,0,0,0,0,0,0,0,0,0
3834,0,0,0,0,0,0,0,0,8,0,0,11,5,1,0,0,0,0,0,0,0
3839,0,0,0,0,5,1,0,0,3,0,0,2,0,0,0,0,0,0,0,0,0
3841,0,2,0,0,1,0,0,0,7,0,0,3,2,0,0,0,0,0,0,0,0
3842,0,2,0,0,2,2,0,0,0,0,0,7,1,0,0,0,0,0,0,0,0
3844,0,8,0,0,0,1,0,0,0,0,0,0,2,1,0,0,0,0,0,0,0
3845,0,1,0,0,1,1,0,0,6,0,0,4,1,0,0,0,0,0,0,0,0
3847,0,0,0,0,0,0,0,0,1,0,0,2,0,0,0,0,0,0,0,0,0
3852,0,4,0,0,2,0,0,0,0,0,0,0,0,0,0,0,0,0,0,0,0
3857,0,1,0,0,3,0,0,0,7,0,0,18,6,0,0,0,0,0,1,0,0
3861,0,2,0,0,9,2,0,0,1,0,0,1,0,0,0,0,0,0,0,0,0
3864,0,0,0,0,0,0,0,0,12,0,0,15,3,0,0,0,0,0,0,0,0
3866,0,1,0,0,2,0,1,0,4,0,0,7,5,0,0,0,0,0,0,0,0
3868,0,0,0,0,6,0,0,0,4,0,0,2,0,1,0,0,0,0,0,0,0
3869,0,6,0,0,6,2,0,0,0,0,0,5,1,1,0,0,0,0,0,0,0
3871,0,1,0,0,4,1,0,0,6,0,0,1,0,0,0,0,0,0,0,0,0
3872,0,1,0,0,2,2,1,0,0,0,0,3,0,1,0,0,0,0,0,0,0
3875,0,4,0,0,1,0,1,0,6,0,0,7,3,1,0,0,0,0,0,0,0
3876,0,3,0,0,0,2,0,0,3,0,0,4,2,1,0,2,0,0,0,0,0
3878,0,2,0,0,2,1,0,0,10,0,0,15,5,1,0,0,0,0,0,0,0
3881,0,0,0,0,3,0,0,0,1,0,0,5,1,0,0,0,0,0,0,0,0
3887,0,0,0,0,0,0,0,0,5,0,0,3,1,0,0,0,0,0,0,0,0
3890,0,0,0,0,0,0,0,0,6,0,0,4,5,0,0,0,0,0,0,0,0
3893,0,0,0,0,0,0,0,0,4,0,0,7,0,0,0,0,0,0,0,0,0
3894,0,0,0,0,2,2,0,0,5,0,0,1,0,0,0,0,0,0,0,0,0
3897,0,0,0,0,0,0,0,0,5,0,0,2,2,0,0,0,0,0,0,0,0
3899,0,0,0,0,0,0,0,0,3,0,0,7,4,0,0,0,0,0,0,0,0
3907,0,3,0,0,0,1,0,0,2,0,0,0,0,0,0,0,0,0,0,0,0
3909,0,1,0,0,1,0,0,0,3,0,0,2,2,0,0,0,0,0,0,0,0
3911,0,0,0,0,1,0,0,0,4,0,0,2,0,0,0,0,0,0,1,0,0
3912,0,3,0,0,0,0,0,0,2,0,0,1,1,0,0,0,0,0,0,0,0
3915,0,0,0,0,2,0,0,0,3,0,0,1,1,0,0,0,0,0,0,0,0
3917,0,1,0,0,0,0,0,0,2,0,0,4,0,0,0,0,0,0,0,0,0
3919,0,0,0,0,0,0,0,0,16,0,0,10,0,1,0,0,0,0,0,0,0
3922,0,0,0,0,0,0,0,0,4,0,0,15,5,0,0,0,0,0,0,0,0
3923,0,1,0,0,5,1,0,0,7,0,0,21,4,1,0,0,0,0,0,0,0
3925,0,2,0,0,2,0,0,0,3,0,0,2,1,1,0,0,0,0,0,0,0
3929,0,1,0,0,1,1,0,0,18,0,0,18,6,0,0,0,0,0,0,0,0
3930,0,0,0,0,4,2,0,0,26,0,0,13,0,0,0,0,0,0,0,0,0
3933,0,2,0,0,3,2,0,0,4,0,0,5,1,0,0,0,0,0,0,0,0
3934,0,4,0,0,3,4,0,0,8,0,0,10,6,1,0,0,0,0,0,0,0
3937,0,0,0,0,4,0,0,0,9,0,0,20,3,0,0,0,0,0,0,0,0
3946,0,2,0,0,3,3,0,0,3,0,0,2,2,0,0,0,0,0,0,0,0
3948,0,3,0,0,3,0,0,0,4,0,0,12,5,0,0,0,0,0,0,0,0
3950,0,1,0,0,0,1,0,0,3,0,0,1,1,0,0,0,0,0,0,0,0
3951,0,0,0,0,0,0,0,0,2,0,0,4,1,0,0,0,0,0,0,0,0
3955,0,0,0,0,0,0,0,0,1,0,0,4,1,0,0,0,0,0,0,0,0
3959,0,0,0,0,0,0,0,0,0,0,0,3,1,0,0,0,0,0,0,0,0
3960,0,0,0,0,0,0,0,0,6,0,0,12,0,0,0,0,0,0,0,0,0
3962,0,4,0,0,1,2,0,0,1,0,0,6,0,0,0,0,0,0,0,0,0
3966,0,0,0,0,4,1,0,0,9,0,0,9,5,0,0,0,0,0,0,0,0
3968,0,1,0,0,0,0,0,0,2,0,0,1,1,1,0,0,0,0,0,0,0
3969,0,3,0,0,4,3,7,0,10,0,0,11,5,2,0,0,0,0,0,0,0
3972,0,1,0,0,2,1,0,0,3,0,0,1,0,0,0,0,0,0,0,0,0
3973,0,0,0,0,0,0,0,0,0,0,0,6,4,1,0,0,0,0,0,0,0
3974,0,0,0,0,1,0,0,0,4,0,0,7,0,0,0,0,0,0,0,0,0
3979,0,0,0,0,3,2,0,0,2,0,0,4,0,0,0,0,0,0,0,0,0
3985,0,0,0,0,2,0,3,0,2,0,0,3,0,0,0,0,0,0,0,0,0
3986,0,1,0,0,0,0,0,0,0,0,0,2,0,0,0,0,0,0,0,0,0
3996,0,0,0,0,0,0,0,0,2,0,0,5,1,2,0,0,0,0,0,0,0
3999,0,0,0,0,2,2,3,0,7,0,0,4,0,0,0,0,0,0,0,0,0
4001,0,2,0,0,4,1,0,0,4,0,0,2,3,1,0,0,0,0,0,1,0
4005,0,0,0,0,0,0,0,0,0,0,0,6,1,0,0,0,0,0,0,0,0
4007,0,1,0,0,4,0,0,0,2,0,0,9,2,0,0,0,0,0,0,0,0
4009,0,4,0,0,2,2,0,0,10,0,0,3,1,2,0,1,0,0,0,0,0
4011,0,0,0,0,4,0,0,0,2,0,0,1,1,0,0,0,0,0,0,0,0
4015,0,7,0,0,5,1,2,0,3,0,0,7,3,0,0,0,0,0,0,0,0
4016,0,0,0,0,8,0,0,0,2,0,0,13,1,0,0,0,0,0,0,0,0
4018,0,0,0,0,0,0,0,0,1,0,0,1,0,0,0,0,0,0,0,0,0
4019,0,0,0,0,0,0,0,0,31,0,0,12,2,0,0,0,0,0,0,0,0
4021,0,2,0,0,2,0,0,0,1,0,0,8,0,0,0,0,0,0,0,0,0
4026,0,0,0,0,1,0,0,0,2,0,0,1,0,1,0,0,0,0,0,0,0
4027,0,3,0,0,1,2,0,0,3,0,0,4,2,0,0,0,0,0,0,0,0
4029,0,1,0,0,3,0,0,0,12,0,0,11,6,0,0,0,0,0,0,0,0
4031,0,2,0,0,3,0,0,0,2,0,0,4,3,0,0,0,0,0,0,0,0
4032,0,5,0,0,6,0,0,0,14,0,0,16,4,0,0,0,0,0,0,0,0
4034,0,0,0,0,1,0,0,0,2,0,0,8,0,0,0,0,0,0,0,0,0
4035,0,7,0,0,4,1,0,0,18,0,0,9,4,1,0,0,0,0,1,0,0
4038,0,6,0,0,3,3,4,0,2,0,0,9,2,2,0,0,0,0,0,0,0
4040,0,3,0,0,2,2,0,0,2,0,0,0,2,0,0,0,0,0,0,0,0
4042,0,5,0,0,5,2,0,0,9,0,0,7,3,0,0,1,0,0,0,0,0
4045,0,1,0,0,3,2,0,0,3,0,0,5,5,0,0,0,0,0,1,0,0
4047,0,3,0,0,2,5,0,0,8,0,0,13,3,0,0,0,0,0,0,0,0
4048,0,0,0,0,0,0,0,0,9,0,0,9,3,1,0,0,0,0,0,0,0
4056,0,0,0,0,0,0,0,0,3,0,0,4,2,0,0,0,0,0,0,0,0
4057,0,1,0,0,2,0,0,0,2,0,0,6,1,0,0,0,0,0,0,0,0
4063,0,2,0,0,2,1,0,0,3,0,0,4,0,0,0,0,0,0,0,0,0
4064,0,3,0,0,3,0,0,0,3,0,0,7,0,1,0,0,0,0,0,0,0
4065,0,3,0,0,7,0,0,0,6,0,0,4,1,0,0,0,0,0,0,0,0
4066,0,1,0,0,4,0,0,0,18,0,0,5,2,0,0,0,0,0,0,0,0
4068,0,6,0,0,3,0,0,0,5,0,0,1,2,0,0,0,0,0,0,0,0
4075,0,0,0,0,1,0,0,0,2,0,0,3,0,0,0,1,0,0,0,0,0
4078,0,0,0,0,1,0,0,0,4,0,0,3,1,0,0,0,0,0,0,0,0
4080,0,0,0,0,1,0,0,0,4,0,0,1,0,0,0,0,0,0,0,0,0
4081,0,2,0,0,1,0,1,0,2,0,0,1,0,0,0,0,0,0,0,0,0
4085,0,3,0,0,3,2,1,0,4,0,0,2,0,0,0,0,0,0,0,0,0
4089,0,6,0,0,2,0,0,0,3,0,0,9,1,0,0,0,0,0,0,0,0
4090,0,1,0,0,0,0,0,0,1,0,0,4,2,0,0,0,0,0,0,0,0
4092,0,0,0,0,0,0,0,0,5,0,0,8,4,1,0,0,0,0,0,0,0
4093,0,2,0,0,2,0,0,0,6,0,0,4,1,0,0,0,0,0,0,0,0
4097,0,14,0,0,12,6,0,0,7,0,0,4,1,1,0,0,0,0,0,0,0
4098,0,1,0,0,9,3,0,0,5,0,0,3,0,0,0,2,0,0,0,0,0
4100,0,6,0,0,3,0,0,0,18,0,0,5,2,0,0,0,0,0,0,0,0
4101,0,11,0,0,7,1,1,0,2,0,0,1,0,0,0,0,0,0,0,0,0
4102,0,7,0,0,5,2,0,0,7,0,0,9,3,1,0,0,0,0,0,0,0
4107,0,3,0,0,6,4,0,0,5,0,0,7,1,0,0,0,0,0,0,0,0
4109,0,0,0,0,0,2,1,0,5,0,0,3,0,0,0,0,0,0,0,0,0
4110,0,0,0,0,0,0,0,0,1,0,0,7,1,0,0,0,0,0,0,0,0
4111,0,0,0,0,0,1,0,0,8,0,0,3,3,0,0,0,0,0,0,0,0
4119,0,4,0,0,6,0,1,0,7,0,0,9,2,1,0,0,0,0,0,0,0
4120,0,6,0,0,1,0,1,0,2,0,0,4,0,0,0,0,0,0,0,0,0
4121,0,0,0,0,2,0,0,0,6,0,0,2,4,1,0,0,0,0,0,0,0
4122,0,3,0,0,0,1,0,0,7,0,0,12,6,0,0,0,0,0,0,0,0
4127,0,1,0,0,3,0,0,0,2,0,0,6,0,0,0,0,0,0,0,0,0
4129,0,0,0,0,0,0,0,0,4,0,0,1,3,0,0,0,0,0,1,0,0
4130,0,1,0,0,3,1,0,0,4,0,0,3,0,0,0,0,0,0,0,0,0
4133,0,2,0,0,3,2,1,0,2,0,0,3,2,0,0,0,0,0,0,0,0
4138,0,1,0,0,2,0,0,0,5,0,0,6,3,0,0,0,0,0,0,0,0
4143,0,1,0,0,2,1,0,0,2,0,0,5,1,0,0,0,0,0,0,0,0
4147,0,2,0,0,1,3,0,0,1,0,0,0,0,0,0,0,0,0,0,0,0
4897,0,1,0,0,1,1,0,0,2,0,0,2,1,1,0,0,0,0,0,0,0
4899,0,3,0,0,1,0,0,0,2,0,0,2,0,0,0,0,0,0,0,0,0
4902,0,1,0,0,6,2,1,0,8,0,0,4,6,1,0,0,0,0,0,0,0
4903,0,4,0,0,2,2,0,0,0,0,0,0,3,0,0,0,0,0,0,0,0
4906,0,1,0,0,0,1,1,0,9,0,0,6,1,0,0,0,0,0,0,0,0
4908,0,0,0,0,0,0,0,0,2,0,0,1,0,1,0,0,0,0,0,0,0
4911,0,0,0,0,0,0,1,0,3,0,0,13,5,1,0,0,0,0,0,0,0
4915,0,0,0,0,5,1,0,0,0,0,0,1,0,0,0,0,0,0,0,0,0
4922,0,1,0,0,0,1,1,0,4,0,0,3,0,0,0,0,0,0,0,0,0
4925,0,1,0,0,1,0,0,0,4,0,0,1,0,0,0,0,0,0,0,0,0
4926,0,10,0,0,9,0,0,0,2,0,0,1,1,0,0,0,0,0,0,0,0
4928,0,0,0,0,0,0,0,0,3,0,0,1,1,0,0,0,0,0,0,0,0
4929,0,0,0,0,2,0,0,0,0,0,0,2,0,0,0,0,0,0,0,0,0
4931,0,0,0,0,0,0,0,0,2,0,0,4,0,0,0,0,0,0,0,0,0
4934,0,0,0,0,1,0,0,0,0,0,0,0,1,0,0,0,0,0,0,0,0
4935,0,0,0,0,1,0,0,0,0,0,0,1,0,0,0,0,0,0,0,0,0
4940,0,0,0,0,2,0,0,0,0,0,0,0,0,0,0,0,0,0,0,0,0
4941,0,0,0,0,0,0,0,0,2,0,0,1,0,0,0,0,0,0,0,0,0
4942,0,0,0,0,0,0,0,0,0,0,0,1,0,0,0,0,0,0,0,0,0
4948,0,1,0,0,2,2,0,0,3,0,0,1,3,2,0,0,0,0,0,0,0
4950,0,0,0,0,1,0,0,0,4,0,0,5,1,0,0,0,0,0,0,0,0
4951,0,2,0,0,2,0,0,0,1,0,0,7,2,0,0,1,0,0,0,0,0
4952,0,0,0,0,0,1,0,0,4,0,0,10,5,2,0,0,0,0,0,0,0
4956,0,0,0,0,1,1,0,0,4,0,0,2,2,0,0,0,0,0,0,1,0
4959,0,0,0,0,1,0,0,0,7,0,0,6,2,0,0,0,0,0,0,0,0
4961,0,0,0,0,2,0,0,0,1,0,0,1,0,0,0,0,0,0,0,0,0
4963,0,0,0,0,0,0,0,0,20,0,0,9,0,0,0,0,0,0,0,0,0
4966,0,0,0,0,2,0,0,0,3,0,0,1,0,0,0,0,0,0,0,0,0
4972,0,0,0,0,0,0,0,0,14,0,0,5,0,0,0,0,0,0,0,0,0
4973,0,0,0,0,0,0,0,0,1,0,0,1,0,0,0,0,0,0,0,0,0
4975,0,0,0,0,0,2,0,0,2,0,0,6,4,1,0,0,0,0,1,0,0
4976,0,0,0,0,2,0,0,0,2,0,0,2,0,1,0,0,0,0,0,0,0
4979,0,3,0,0,5,1,0,0,0,0,0,0,2,0,0,0,0,0,0,0,0
4980,0,0,0,0,0,1,0,0,5,0,0,7,3,0,0,0,0,0,0,0,0
4981,0,0,0,0,0,0,0,0,2,0,0,4,0,0,0,0,0,0,0,0,0
4984,0,2,0,0,1,1,0,0,0,0,0,1,0,0,0,0,0,0,0,0,0
4987,0,7,0,0,14,5,0,0,2,0,0,1,0,0,0,0,0,0,0,0,0
4988,0,0,0,0,0,0,0,0,1,0,0,0,0,0,0,0,0,0,0,0,0
4991,0,1,0,0,3,0,1,0,1,0,0,4,0,0,0,0,0,0,0,0,0
4992,0,0,0,0,1,0,0,0,2,0,0,1,0,0,0,0,0,0,0,0,0
4993,0,0,0,0,1,0,0,0,2,0,0,2,1,0,0,0,0,0,0,0,0
4994,0,0,0,0,0,0,0,0,2,0,0,3,0,0,0,0,0,0,0,0,0
5002,0,4,0,0,8,0,0,0,8,0,0,4,0,0,0,0,0,0,0,0,0
5008,0,0,0,0,0,0,0,0,3,0,0,1,2,0,0,0,0,0,0,0,0
5009,0,0,0,0,1,0,0,0,3,0,0,5,2,0,0,0,0,0,0,0,0
5012,0,1,0,0,3,1,0,0,6,0,0,4,4,0,0,0,0,0,0,0,0
5014,0,0,0,0,2,0,0,0,3,0,0,0,0,0,0,0,0,0,0,0,0
5018,0,0,0,0,0,0,0,0,4,0,0,2,2,2,0,0,0,0,0,0,0
5020,0,0,0,0,0,0,0,0,5,0,0,9,2,0,0,1,0,0,0,0,0
5024,0,0,0,0,0,0,0,0,2,0,0,9,0,0,0,0,0,0,0,0,0
5032,0,0,0,0,0,1,0,0,1,0,0,5,5,0,0,0,0,0,0,0,0
5033,0,1,0,0,2,1,0,0,5,0,0,4,3,2,0,0,0,0,0,0,0
5037,0,0,0,0,4,2,0,0,3,0,0,4,1,0,0,0,0,0,0,0,0
5039,0,5,0,0,2,4,1,0,6,0,0,7,4,0,0,0,0,0,0,0,0
5044,0,3,0,0,2,1,0,0,5,0,0,5,1,0,0,0,0,0,0,0,0
5046,0,1,0,0,0,0,1,0,3,0,0,3,1,0,0,0,0,0,0,0,0
5053,0,2,0,0,1,0,0,0,0,0,0,0,4,2,0,0,0,0,0,0,0
5054,0,0,0,0,5,0,0,0,1,0,0,1,0,0,0,0,0,0,0,0,0
5055,0,1,0,0,1,2,0,0,0,0,0,0,0,0,0,0,0,0,0,0,0
5058,0,1,0,0,0,0,0,0,2,0,0,18,6,2,0,0,0,0,0,0,0
5061,0,3,0,0,3,0,0,0,1,0,0,1,0,0,0,0,0,0,0,0,0
5067,0,0,0,0,3,0,0,0,5,0,0,1,0,0,0,0,0,0,0,0,0
5071,0,0,0,0,2,3,4,0,3,0,0,0,1,0,0,0,0,0,0,0,0
5075,0,1,0,0,5,1,0,0,1,0,0,1,0,0,0,0,0,0,0,0,0
5076,0,0,0,0,0,0,0,0,2,0,0,1,1,1,0,0,0,0,0,0,0
5077,0,0,0,0,0,0,0,0,5,0,0,9,1,0,0,0,0,0,0,0,0
5079,0,0,0,0,3,0,0,0,6,0,0,4,1,0,0,2,0,0,0,0,0
5080,0,0,0,0,0,0,0,0,2,0,0,2,0,0,0,0,0,0,0,0,0
5081,0,0,0,0,0,0,0,0,0,0,0,1,0,0,0,0,0,0,0,0,0
5085,0,1,0,0,1,0,0,0,4,0,0,5,1,0,0,0,0,0,0,0,0
5089,0,1,0,0,0,0,0,0,7,0,0,3,0,0,0,0,0,0,0,0,0
5091,0,2,0,0,4,0,0,0,1,0,0,0,0,0,0,0,0,0,0,0,0
5092,0,1,0,0,1,0,0,0,2,0,0,2,0,0,0,0,0,0,0,0,0
5094,0,1,0,0,2,0,0,0,8,0,0,6,3,1,0,0,0,0,0,0,0
5097,0,0,0,0,15,0,0,0,2,0,0,2,4,0,0,0,0,0,0,0,0
5100,0,5,0,0,8,1,0,0,9,0,0,2,3,1,0,0,0,0,0,0,0
5101,0,0,0,0,1,0,0,0,5,0,0,2,0,0,0,0,0,0,0,0,0
5102,0,4,0,0,6,3,0,0,4,0,0,5,0,0,0,0,0,0,0,0,0
5106,0,0,0,0,0,0,0,0,3,0,0,3,1,0,0,0,0,0,0,0,0
5107,0,1,0,0,0,0,0,0,2,0,0,1,0,0,0,0,0,0,0,0,0
5108,0,4,0,0,5,0,0,0,4,0,0,2,1,1,0,0,0,0,0,0,0
5112,0,0,0,0,2,0,0,0,13,0,0,6,1,0,0,0,0,0,0,0,0
5115,0,3,0,0,2,2,0,0,1,0,0,1,0,0,0,0,0,0,0,0,0
5116,0,2,0,0,5,3,1,0,3,0,0,3,0,0,0,0,0,0,0,0,0
5119,0,2,0,0,2,0,0,0,6,0,0,4,0,0,0,0,0,0,0,0,0
5124,0,2,0,0,4,3,0,0,4,0,0,2,1,0,0,0,0,0,0,0,0
5138,0,2,0,0,1,0,0,0,2,0,0,8,2,1,0,0,0,0,0,0,0
5141,0,2,0,0,0,2,0,0,6,0,0,1,0,0,0,0,0,0,0,0,0
5142,0,1,0,0,2,1,0,0,1,0,0,2,0,0,0,0,0,0,0,0,0
5144,0,0,0,0,0,3,0,0,2,0,0,2,1,0,0,0,0,0,0,0,0
5147,0,1,0,0,0,0,0,0,2,0,0,7,1,1,0,0,0,0,0,0,0
5149,0,0,0,0,0,0,0,0,2,0,0,1,1,0,0,0,0,0,0,0,0
5151,0,1,0,0,2,0,1,0,0,0,0,0,0,0,0,0,0,0,0,0,0
5153,0,2,0,0,1,0,0,0,3,0,0,1,0,0,0,0,0,0,0,0,0
5157,0,3,0,0,2,0,0,0,0,0,0,2,1,1,0,0,0,0,0,0,0
5160,0,0,0,0,0,0,0,0,6,0,0,7,1,0,0,0,0,0,0,0,0
5164,0,1,0,0,3,2,1,0,1,0,0,2,0,1,0,0,0,0,0,0,0
5166,0,0,0,0,0,0,0,0,6,0,0,4,1,0,0,0,0,0,0,0,0
5169,0,0,0,0,2,2,0,0,2,0,0,1,0,0,0,0,0,0,0,0,0
5170,0,0,0,0,0,0,0,0,0,0,0,4,1,0,0,0,0,0,0,0,0
5174,0,0,0,0,0,0,0,0,1,0,0,11,11,5,0,0,0,0,0,0,0
5175,0,0,0,0,2,0,0,0,3,0,0,4,0,0,0,0,0,0,0,0,0
5176,0,2,0,0,1,1,1,0,2,0,0,15,1,0,0,0,0,0,0,0,0
5179,0,1,0,0,1,0,0,0,5,0,0,5,3,0,0,0,0,0,0,0,0
5182,0,1,0,0,0,0,0,0,1,0,0,1,3,0,0,0,0,0,0,0,0
5186,0,0,0,0,0,0,0,0,1,0,0,0,0,0,0,0,0,0,0,0,0
5190,0,1,0,0,0,0,0,0,0,0,0,5,1,1,0,0,0,0,0,0,0
5191,0,4,0,0,5,0,0,0,3,0,0,1,2,0,0,0,0,0,0,0,0
5193,0,1,0,0,1,0,0,0,8,0,0,12,5,0,0,0,0,0,0,0,0
5197,0,1,0,0,3,0,0,0,0,0,0,0,0,0,0,0,0,0,0,0,0
5200,0,0,0,0,0,0,0,0,2,0,0,8,1,0,0,0,0,0,0,0,0
5203,0,2,0,0,2,1,0,0,14,0,0,8,2,0,0,1,0,0,0,0,0
5204,0,1,0,0,1,0,0,0,3,0,0,0,0,0,0,0,0,0,0,0,0
5206,0,0,0,0,0,0,0,0,2,0,0,2,2,0,0,0,0,0,0,0,0
5213,0,0,0,0,0,0,0,0,5,0,0,0,1,1,0,0,0,0,0,0,0
5215,0,0,0,0,1,1,0,0,1,0,0,3,0,0,0,0,0,0,0,0,0
5217,0,1,0,0,0,3,1,0,5,0,0,0,0,0,0,0,0,0,0,0,0
5222,0,3,0,0,2,0,1,0,7,0,0,7,4,0,0,0,0,0,0,0,0
5225,0,0,0,0,0,0,0,0,3,0,0,0,1,0,0,0,0,0,0,0,0
5227,0,0,0,0,1,0,0,0,9,0,0,5,1,0,0,0,0,0,0,0,0
5229,0,0,0,0,3,0,0,0,6,0,0,5,2,1,0,0,0,0,1,0,0
5230,0,0,0,0,6,4,0,0,2,0,0,6,2,0,0,0,0,0,0,0,0
5236,0,0,0,0,0,0,1,0,8,0,0,6,4,0,0,0,0,0,0,0,0
5238,0,2,0,0,3,5,0,0,0,0,0,1,1,0,0,0,0,0,0,0,0
5243,0,4,0,0,2,0,0,0,3,0,0,1,2,0,0,0,0,0,0,0,0
5246,0,1,0,0,1,0,0,0,0,0,0,2,2,1,0,0,0,0,0,0,0
5249,0,5,0,0,2,0,0,0,4,0,0,3,0,0,0,0,0,0,0,0,0
5250,0,0,0,0,7,1,0,0,7,0,0,2,0,0,0,0,0,0,0,0,0
5252,0,0,0,0,0,0,0,0,1,0,0,0,0,1,0,0,0,0,0,0,0
5259,0,0,0,0,1,1,0,0,6,0,0,7,2,0,0,0,0,0,0,0,0
5262,0,0,0,0,0,0,0,0,8,0,0,9,4,0,0,0,0,0,0,0,0
5264,0,0,0,0,2,0,0,0,2,0,0,2,0,0,0,0,0,0,0,0,0
5272,0,0,0,0,1,0,0,0,1,0,0,1,1,0,0,1,0,0,0,0,0
5274,0,0,0,0,0,0,0,0,0,0,0,2,1,0,0,0,0,0,0,0,0
5277,0,0,0,0,0,0,0,0,4,0,0,3,0,0,0,0,0,0,0,0,0
5278,0,0,0,0,6,1,0,0,6,0,0,1,0,0,0,0,0,0,0,0,0
5279,0,1,0,0,3,0,0,0,1,0,0,1,0,0,0,0,0,0,0,0,0
5280,0,1,0,0,0,1,0,0,3,0,0,6,0,0,0,1,0,0,0,0,0
5286,0,1,0,0,0,0,0,0,1,0,0,2,1,0,0,0,0,0,0,0,0
5292,0,0,0,0,1,1,0,0,0,0,0,0,0,0,0,0,0,0,0,0,0
5293,0,2,0,0,2,1,0,0,1,0,0,3,0,0,0,0,0,0,1,0,0
5296,0,0,0,0,0,0,0,0,3,0,0,0,0,0,0,0,0,0,0,0,0
5300,0,6,0,0,1,0,0,0,2,0,0,0,1,0,0,0,0,0,0,0,0
5301,0,0,0,0,0,0,0,0,6,0,0,5,1,0,0,0,0,0,1,0,0
5303,0,1,0,0,1,0,0,0,1,0,0,0,1,0,0,0,0,0,0,0,0
5310,0,0,0,0,0,0,0,0,3,0,0,1,0,0,0,0,0,0,0,0,0
5311,0,1,0,0,0,0,0,0,1,0,0,4,2,0,0,0,0,0,0,0,0
5312,0,1,0,0,0,0,0,0,1,0,0,8,4,0,0,0,0,0,0,0,0
5315,0,0,0,0,1,0,0,0,4,0,0,8,3,1,0,0,0,0,0,0,0
5318,0,0,0,0,0,0,0,0,2,0,0,1,0,0,0,0,0,0,0,0,0
5319,0,0,0,0,1,0,0,0,3,0,0,1,0,0,0,0,0,0,0,0,0
5321,0,0,0,0,0,0,0,0,9,0,0,5,3,1,0,0,0,0,0,0,0
5325,0,0,0,0,0,0,0,0,5,0,0,4,1,0,0,0,0,0,0,0,0
5327,0,0,0,0,1,1,0,0,8,0,0,10,3,0,0,0,0,0,0,0,0
5329,0,3,0,0,0,1,0,0,7,0,0,3,0,0,0,0,0,0,0,1,0
5330,0,4,0,0,3,0,0,0,3,0,0,0,1,0,0,0,0,0,0,0,0
5333,0,1,0,0,1,1,0,0,8,0,0,4,1,0,0,0,0,0,0,0,0
5335,0,2,0,0,2,0,0,0,6,0,0,4,2,0,0,0,0,0,0,0,0
5341,0,1,0,0,1,0,0,0,2,0,0,14,4,0,0,0,0,0,0,0,0
5342,0,1,0,0,0,0,0,0,3,0,0,3,2,0,0,2,0,0,0,0,0
5343,0,0,0,0,0,0,0,0,6,0,0,3,3,0,0,0,0,0,0,0,0
5347,0,0,0,0,1,0,0,0,1,0,0,1,2,0,0,0,0,0,0,0,0
5348,0,0,0,0,2,0,1,0,3,0,0,1,2,0,0,0,0,0,0,0,0
5350,0,1,0,0,1,1,0,0,7,0,0,3,1,0,0,0,0,0,0,0,0
5352,0,0,0,0,0,0,0,0,5,0,0,2,0,0,0,0,0,0,0,0,0
5354,0,0,0,0,3,0,0,0,13,0,0,10,1,2,0,0,0,0,0,0,0
5359,0,2,0,0,3,2,0,0,2,0,0,1,1,0,0,13,0,0,5,0,0
5371,0,2,0,0,3,1,0,0,3,0,0,2,0,0,0,0,0,0,0,0,0
5376,0,0,0,0,0,0,0,0,1,0,0,0,1,9,0,0,0,0,0,0,0
5377,0,0,0,0,0,0,2,0,2,0,0,2,1,0,0,0,0,0,0,0,0
5381,0,0,0,0,0,0,0,0,2,0,0,1,1,0,0,0,0,0,0,0,0
5382,0,0,0,0,1,0,0,0,1,0,0,5,1,0,0,0,0,0,0,0,0
5384,0,0,0,0,0,0,0,0,1,0,0,1,0,0,0,0,0,0,0,0,0
5387,0,2,0,0,1,0,0,0,5,0,0,5,0,0,0,0,0,0,0,0,0
5388,0,0,0,0,0,0,0,0,5,0,0,1,0,1,0,0,0,0,0,0,0
5389,0,0,0,0,3,0,0,0,1,0,0,1,0,0,0,0,0,0,0,0,0
5394,0,15,0,0,2,0,0,0,4,0,0,8,0,0,0,0,0,0,0,0,0
5398,0,3,0,0,3,3,0,0,0,0,0,10,1,0,0,2,0,0,0,0,0
5400,0,0,0,0,1,1,0,0,6,0,0,9,0,0,0,0,0,0,0,0,0
5406,0,0,0,0,2,0,0,0,0,0,0,0,0,0,0,0,0,0,0,0,0
5407,0,0,0,0,4,0,0,0,1,0,0,1,0,0,0,0,0,0,0,0,0
5411,0,0,0,0,0,0,0,0,2,0,0,1,0,0,0,0,0,0,0,0,0
5414,0,0,0,0,0,0,0,0,8,0,0,4,1,0,0,0,0,0,0,0,0
5416,0,2,0,0,3,5,2,0,1,0,0,1,0,0,0,0,0,0,0,0,0
5418,0,0,0,0,3,1,0,0,1,0,0,0,0,1,0,0,0,0,0,0,0
5429,0,1,0,0,3,6,2,0,1,0,0,13,3,0,0,0,0,0,0,0,0
5430,0,0,0,0,0,0,0,0,1,0,0,1,0,0,0,0,0,0,0,0,0
5434,0,0,0,0,0,1,0,0,4,0,0,2,0,0,0,0,0,0,0,0,0
5435,0,0,0,0,0,0,0,0,2,0,0,2,0,0,0,0,0,0,0,0,0
5436,0,0,0,0,0,0,0,0,2,0,0,3,0,0,0,0,0,0,0,0,0
5439,0,2,0,0,3,0,0,0,0,0,0,0,0,0,0,0,0,0,0,0,0
5444,0,0,0,0,0,2,0,0,0,0,0,2,0,0,0,0,0,0,0,0,0
5448,0,0,0,0,0,1,1,0,3,0,0,6,0,0,0,0,0,0,0,0,0
5449,0,0,0,0,0,0,0,0,4,0,0,2,0,0,0,0,0,0,0,0,0
5457,0,4,0,0,3,1,0,0,4,0,0,3,0,0,0,0,0,0,0,0,0
5460,0,0,0,0,0,0,0,0,1,0,0,1,1,0,0,0,0,0,0,0,0
5462,0,3,0,0,0,0,0,0,8,0,0,1,0,0,0,0,0,0,0,0,0
5466,0,0,0,0,1,0,0,0,26,0,0,2,0,0,0,0,0,0,0,0,0
5471,0,0,0,0,4,2,0,0,7,0,0,1,3,0,0,0,0,0,0,0,0
5473,0,0,0,0,2,2,1,0,18,0,0,3,0,0,0,0,0,0,0,0,0
5475,0,0,0,0,7,1,2,0,0,0,0,0,2,0,0,0,0,0,0,0,0
5485,0,0,0,0,1,2,0,0,5,0,0,2,6,0,0,0,0,0,0,0,0
5492,0,2,0,0,0,0,0,0,0,0,0,0,0,0,0,0,0,0,0,0,0
5496,0,0,0,0,0,0,0,0,12,0,0,6,9,2,0,0,0,0,0,0,0
5500,0,6,0,0,2,1,0,0,3,0,0,0,0,0,0,0,0,0,0,0,0
5501,0,1,0,0,1,0,0,0,5,0,0,2,2,0,0,0,0,0,0,0,0
5504,0,1,0,0,1,0,0,0,3,0,0,2,0,1,0,0,0,0,0,0,0
5506,0,0,0,0,2,0,0,0,0,0,0,0,1,0,0,0,0,0,0,0,0
5509,0,0,0,0,0,0,0,0,5,0,0,8,0,1,0,0,0,0,0,0,0
5513,0,9,0,0,0,0,0,0,19,0,0,1,0,0,0,0,0,0,0,0,0
5521,0,0,0,0,0,0,0,0,3,0,0,3,2,1,0,0,0,0,0,0,0
6546,0,0,0,0,0,0,0,0,2,0,0,1,2,0,0,0,0,0,0,0,0
6606,0,0,0,0,1,1,0,0,2,0,0,1,0,0,0,0,0,0,0,0,0
6630,0,0,0,0,1,0,0,0,2,0,0,0,1,0,0,0,0,0,0,0,0
6631,0,4,0,0,2,1,1,0,1,0,0,4,1,0,0,0,0,0,0,0,0
6632,0,1,0,0,9,5,1,0,0,0,0,0,0,0,0,0,0,0,0,0,0
6633,0,1,0,0,1,0,0,0,3,0,0,4,0,0,0,0,0,0,0,0,0
6634,0,1,0,0,0,7,0,0,2,0,0,0,2,0,0,0,0,0,0,0,0
6635,0,0,0,0,0,0,0,0,0,0,0,0,1,0,0,0,0,0,0,0,1
6636,0,3,0,0,6,2,2,0,2,0,0,1,2,0,0,0,0,0,0,0,0
6637,0,2,0,0,1,0,0,0,1,0,0,1,0,0,0,0,0,0,0,0,0
6638,0,0,0,0,1,0,0,0,0,0,0,0,0,1,0,0,0,0,0,0,0
6639,0,2,0,0,1,0,0,0,0,0,0,2,0,0,0,0,0,0,0,0,0
6672,0,4,0,0,24,6,0,0,0,0,0,0,0,0,0,0,0,0,0,0,0
6673,0,1,0,0,1,2,0,0,4,0,0,7,0,0,0,0,0,0,0,0,0
6674,0,0,0,0,0,0,0,0,2,0,0,6,0,2,0,0,0,0,0,0,0
6675,0,0,0,0,2,1,1,0,2,0,0,2,2,0,0,0,0,0,0,0,0
6676,0,1,0,0,1,1,0,0,5,0,0,10,4,1,0,0,0,0,0,0,0
6677,0,3,0,0,9,0,0,0,4,0,0,5,6,0,0,0,0,0,0,0,0
6678,0,4,0,0,5,0,0,0,1,0,0,1,0,0,0,0,0,0,0,0,0
6679,0,1,0,0,1,0,0,0,10,0,0,9,4,2,0,0,0,0,0,0,0
6680,0,1,0,0,0,5,1,0,8,0,0,7,2,0,0,0,0,0,0,0,0
6681,0,2,0,0,0,0,0,0,0,0,0,0,1,0,0,0,0,0,0,0,0
6682,0,2,0,0,1,0,0,0,4,0,0,2,0,0,0,0,0,0,0,0,0
6692,0,0,0,0,2,0,0,0,0,0,0,0,0,0,0,0,0,0,0,0,0
6707,0,1,0,0,2,0,0,0,5,0,0,1,0,0,0,0,0,0,0,0,0
6708,0,0,0,0,0,0,0,0,2,0,0,1,0,0,0,0,0,0,0,0,0
6710,0,0,0,0,3,0,1,0,5,0,0,3,0,0,0,0,0,0,0,0,0
6711,0,2,0,0,1,0,1,0,1,0,0,1,0,0,0,0,0,0,0,0,0
6712,0,3,0,0,2,1,0,0,0,0,0,0,0,0,0,0,0,0,0,0,0
6713,0,2,0,0,2,5,0,0,0,0,0,1,0,0,0,0,0,0,0,0,0
6714,0,0,0,0,0,0,0,0,2,0,0,1,0,0,0,0,0,0,0,0,0
6715,0,0,0,0,0,0,0,0,5,0,0,5,4,0,0,0,0,0,0,0,0
6716,0,3,0,0,1,0,0,0,3,0,0,1,0,0,0,0,0,0,0,0,0
6717,0,0,0,0,0,0,0,0,0,0,0,1,0,0,0,0,0,0,0,0,0
6718,0,2,0,0,0,1,1,0,1,0,0,1,0,0,0,0,0,0,0,0,0
6751,0,0,0,0,1,1,0,0,1,0,0,3,4,0,0,0,0,0,0,0,0
6752,0,0,0,0,2,0,0,0,6,0,0,4,0,0,0,0,0,0,0,0,0
6753,0,0,0,0,2,0,0,0,4,0,0,6,3,0,0,0,0,0,0,0,0
6754,0,1,0,0,3,0,0,0,0,0,0,3,1,0,0,0,0,0,0,0,0
6755,0,1,0,0,1,1,0,0,1,0,0,1,0,0,0,0,0,0,0,0,0
6756,0,4,0,0,3,0,0,0,3,0,0,2,0,0,0,0,0,0,0,0,0
6757,0,0,0,0,5,1,0,0,3,0,0,5,0,0,0,0,0,0,0,0,0
6758,0,2,0,0,2,1,0,0,3,0,0,6,0,0,0,0,0,0,0,0,0
6759,0,2,0,0,2,3,0,0,2,0,0,0,0,0,0,0,0,0,0,0,0
6792,0,1,0,0,0,0,0,0,3,0,0,8,5,0,0,0,0,0,0,0,0
6793,0,0,0,0,1,0,0,0,7,0,0,5,1,0,0,0,0,0,0,0,0
6794,0,4,0,0,3,0,0,0,0,0,0,4,0,0,0,0,0,0,0,0,0
6795,0,0,0,0,0,0,0,0,0,0,0,3,1,0,0,0,0,0,0,0,0
6796,0,1,0,0,1,0,0,0,2,0,0,4,1,0,0,0,0,0,0,0,0
6797,0,1,0,0,0,0,0,0,3,0,0,11,4,0,0,0,0,0,0,0,0
6798,0,4,0,0,7,3,0,0,4,0,0,9,6,0,0,0,0,0,0,0,0
6799,0,0,0,0,2,0,0,0,2,0,0,2,2,0,0,0,0,0,0,0,0
6800,0,3,0,0,2,1,0,0,4,0,0,10,4,0,0,0,0,0,0,0,0
6801,0,1,0,0,0,0,0,0,1,0,0,1,0,0,0,2,0,0,0,0,0
6802,0,3,0,0,17,4,0,0,2,0,0,1,0,0,0,0,0,0,0,0,0
6803,0,0,0,0,0,0,0,0,5,0,0,7,1,0,0,0,0,0,0,0,0
6804,0,0,0,0,1,0,0,0,0,0,0,3,0,0,0,0,0,0,0,0,0
6805,0,1,0,0,0,0,0,0,9,0,0,10,5,0,0,0,0,0,0,0,0
6837,0,1,0,0,1,2,0,0,1,0,0,3,0,0,0,0,0,0,0,0,0
6838,0,0,0,0,0,0,0,0,3,0,0,6,1,0,0,0,0,0,0,0,0
6839,0,0,0,0,3,0,0,0,2,0,0,6,0,0,0,0,0,0,0,0,0
6840,0,0,0,0,4,0,0,0,0,0,0,1,0,0,0,0,0,0,0,0,0
6841,0,2,0,0,2,0,0,0,2,0,0,1,1,0,0,0,0,0,0,0,0
6842,0,0,0,0,2,1,0,0,7,0,0,12,8,0,0,0,0,0,0,0,0
6843,0,0,0,0,0,0,0,0,1,0,0,1,1,0,0,0,0,0,0,0,0
6844,0,0,0,0,4,0,0,0,6,0,0,23,1,0,0,0,0,0,0,0,0
6845,0,1,0,0,1,1,0,0,5,0,0,9,3,0,0,0,0,0,0,0,0
6846,0,4,0,0,4,1,1,0,0,0,0,8,0,0,0,0,0,0,0,0,0
6847,0,6,0,0,9,2,0,0,6,0,0,7,4,0,0,0,0,0,0,0,0
6848,0,1,0,0,2,1,0,0,3,0,0,2,4,0,0,0,0,0,0,0,0
6849,0,2,0,0,6,2,0,0,0,0,0,1,0,0,0,0,0,0,0,0,0
6850,0,2,0,0,3,0,0,0,1,0,0,1,0,0,0,0,0,0,0,0,0
6851,0,2,0,0,2,1,0,0,7,0,0,7,7,0,0,0,0,0,0,0,0
6878,0,1,0,0,2,3,0,0,1,0,0,2,1,0,0,0,0,0,0,0,0
6879,0,7,0,0,5,6,0,0,1,0,0,1,0,0,0,0,0,0,0,0,0
6880,0,5,0,0,1,0,0,0,2,0,0,1,2,0,0,0,0,0,1,0,0
6881,0,9,0,0,4,2,0,0,2,0,0,0,0,0,0,0,0,0,0,0,0
6882,0,0,0,0,0,0,0,0,16,0,0,3,3,0,0,0,0,0,0,0,0
6883,0,3,0,0,2,1,1,0,1,0,0,0,0,0,0,0,0,0,0,0,0
6884,0,5,0,0,1,3,0,0,5,0,0,4,1,0,0,0,0,0,0,0,0
6885,0,0,0,0,0,0,0,0,1,0,0,5,1,0,0,0,0,0,0,0,0
6886,0,0,0,0,3,0,0,0,2,0,0,1,0,0,0,0,0,0,0,0,0
6887,0,0,0,0,2,1,0,0,4,0,0,2,3,0,0,0,0,0,0,0,0
6888,0,3,0,0,2,0,0,0,3,0,0,7,4,0,0,0,0,0,0,0,0
6889,0,0,0,0,1,1,1,0,0,0,0,2,0,0,0,0,0,0,0,0,0
6890,0,4,0,0,4,2,0,0,4,0,0,0,1,0,0,0,0,0,0,0,0
6905,0,0,0,0,0,0,0,0,2,0,0,1,1,0,0,0,0,0,0,0,0
6906,0,6,0,0,2,1,0,0,2,0,0,1,0,0,0,0,0,0,0,0,0
6908,0,0,0,0,1,1,0,0,4,0,0,1,1,0,0,0,0,0,0,0,0
6909,0,0,0,0,3,1,0,0,5,0,0,0,1,0,0,0,0,0,0,0,0
6910,0,0,0,0,0,0,0,0,2,0,0,1,0,0,0,0,0,0,0,0,0
6924,0,8,0,0,2,8,0,0,2,0,0,1,0,0,0,0,0,0,0,0,0
6925,0,0,0,0,0,0,0,0,2,0,0,2,2,0,0,0,0,0,0,0,0
6926,0,3,0,0,7,3,1,0,0,0,0,1,0,0,0,0,0,0,0,0,0
6927,0,2,0,0,4,5,0,0,2,0,0,0,0,0,0,0,0,0,0,0,0
6928,0,3,0,0,0,0,0,0,2,0,0,1,0,0,0,0,0,0,0,0,0
6929,0,0,0,0,0,0,0,0,6,0,0,9,0,1,0,0,0,0,0,0,0
6930,0,7,0,0,4,2,0,0,5,0,0,2,0,0,0,12,0,0,2,0,0
6931,0,0,0,0,2,0,0,0,0,0,0,0,0,0,0,0,0,0,0,0,0
6932,0,1,0,0,4,2,0,0,0,0,0,1,0,0,0,0,0,0,0,0,0
6933,0,1,0,0,2,0,0,0,5,0,0,2,0,0,0,0,0,0,0,0,0
6934,0,1,0,0,0,0,0,0,1,0,0,2,1,0,0,0,0,0,0,0,0
6935,0,3,0,0,3,1,0,0,3,0,0,1,0,0,0,0,0,0,0,0,0
6936,0,0,0,0,4,0,2,0,5,0,0,7,1,0,0,0,0,0,0,0,0
6937,0,0,0,0,0,0,0,0,4,0,0,1,1,2,0,0,0,0,0,0,0
6938,0,2,0,0,1,0,1,0,0,0,0,0,0,0,0,0,0,0,0,0,0
6939,0,0,0,0,1,0,0,0,3,0,0,1,0,0,0,0,0,0,0,0,0
6953,0,2,0,0,4,3,0,0,3,0,0,1,0,0,0,0,0,0,0,0,0
6954,0,0,0,0,1,1,0,0,5,0,0,6,4,0,0,0,0,0,0,0,0
6955,0,1,0,0,3,0,0,0,2,0,0,1,0,0,0,0,0,0,0,0,0
6956,0,0,0,0,3,0,0,0,1,0,0,1,0,0,0,0,0,0,0,0,0
6957,0,1,0,0,5,0,0,0,0,0,0,0,3,0,0,0,0,0,0,0,0
6971,0,1,0,0,2,0,0,0,1,0,0,6,1,0,0,0,0,0,0,0,0
6972,0,0,0,0,1,0,0,0,2,0,0,1,0,0,0,0,0,0,0,0,0
6973,0,0,0,0,3,0,0,0,4,0,0,2,0,0,0,0,0,0,0,0,0
6974,0,2,0,0,1,1,0,0,4,0,0,11,2,0,0,0,0,0,0,0,0
6975,0,1,0,0,0,0,0,0,4,0,0,4,1,0,0,0,0,0,0,0,0
6976,0,3,0,0,3,1,0,0,3,0,0,14,1,0,0,0,0,0,0,0,0
6977,0,1,0,0,4,3,1,0,0,0,0,1,1,0,0,0,0,0,0,0,0
6978,0,0,0,0,1,0,1,0,4,0,0,5,1,0,0,0,0,0,0,0,0
6979,0,0,0,0,0,0,0,0,3,0,0,6,4,0,0,0,0,0,0,0,0
6980,0,1,0,0,0,0,0,0,2,0,0,8,5,0,0,1,0,0,0,0,0
6981,0,0,0,0,0,0,0,0,0,0,0,2,1,0,0,0,0,0,0,0,0
6982,0,1,0,0,1,1,0,0,5,0,0,3,1,0,0,0,0,0,0,0,0
6983,0,3,0,0,1,0,0,0,5,0,0,12,2,0,0,0,0,0,0,0,0
6984,0,1,0,0,1,0,0,0,4,0,0,3,0,0,0,0,0,0,0,0,0
6985,0,2,0,0,3,0,0,0,2,0,0,6,0,0,0,0,0,0,0,0,0
6986,0,0,0,0,1,2,0,0,1,0,0,0,1,1,0,0,0,0,0,0,0
6998,0,0,0,0,0,0,0,0,6,0,0,10,4,0,0,0,0,0,0,0,0
6999,0,1,0,0,3,1,0,0,5,0,0,3,0,0,0,0,0,0,0,0,0
7000,0,2,0,0,1,0,0,0,1,0,0,2,4,0,0,0,0,0,0,0,0
7001,0,0,0,0,0,2,0,0,0,0,0,1,0,0,0,0,0,0,0,0,0
7016,0,3,0,0,5,0,0,0,1,0,0,7,6,0,0,0,0,0,0,0,0
7017,0,1,0,0,4,0,0,0,1,0,0,13,2,0,0,0,0,0,0,0,0
7018,0,3,0,0,1,0,0,0,5,0,0,5,0,0,0,0,0,0,0,0,0
7019,0,0,0,0,2,0,0,0,0,0,0,2,6,0,0,0,0,0,0,0,0
7020,0,2,0,0,1,7,0,0,0,0,0,0,0,0,0,0,0,0,0,0,0
7021,0,1,0,0,2,0,0,0,0,0,0,3,1,0,0,0,0,0,0,0,0
7022,0,0,0,0,0,0,0,0,5,0,0,7,7,0,0,0,0,0,0,0,0
7023,0,0,0,0,3,1,0,0,2,0,0,4,1,0,0,0,0,0,0,0,0
7024,0,0,0,0,16,5,0,0,0,0,0,0,0,0,0,0,0,0,0,0,0
7025,0,1,0,0,1,1,0,0,2,0,0,6,3,0,0,0,0,0,0,0,0
7026,0,0,0,0,0,0,0,0,1,0,0,2,0,1,0,0,0,0,0,0,0
7027,0,0,0,0,1,0,0,0,0,0,0,5,1,0,0,0,0,0,0,0,0
7028,0,0,0,0,4,0,0,0,3,0,0,4,5,3,0,0,0,0,0,0,0
7029,0,1,0,0,6,2,0,0,0,0,0,3,0,0,0,0,0,0,0,2,0
7030,0,1,0,0,0,0,0,0,0,0,0,4,2,0,0,0,0,0,0,0,0
7031,0,1,0,0,0,0,0,0,1,0,0,8,3,0,0,0,0,0,0,0,0
7032,0,0,0,0,0,2,0,0,4,0,0,3,3,0,0,0,0,0,0,0,0
7044,0,5,0,0,4,1,0,0,6,0,0,5,1,1,0,0,0,0,0,0,0
7045,0,2,0,0,2,3,1,0,0,0,0,0,0,0,0,0,0,0,0,0,0
7046,0,0,0,0,0,0,0,0,4,0,0,1,0,0,0,0,0,0,0,0,0
7047,0,0,0,0,0,0,1,0,1,0,0,1,0,0,0,0,0,0,0,0,0
7048,0,2,0,0,8,0,0,0,6,0,0,1,0,0,0,0,0,0,0,0,0
7049,0,2,0,0,5,3,0,0,1,0,0,1,0,0,0,0,0,0,0,0,0
7063,0,4,0,0,2,0,0,0,2,0,0,1,0,0,0,0,0,0,0,0,0
7064,0,0,0,0,0,2,0,0,5,0,0,3,0,0,0,0,0,0,0,0,0
7065,0,0,0,0,0,0,0,0,0,0,0,4,0,0,0,0,0,0,0,0,0
7066,0,1,0,0,1,0,0,0,2,0,0,1,0,0,0,0,0,0,0,0,0
7067,0,0,0,0,0,0,0,0,1,0,0,2,1,0,0,0,0,0,0,0,0
7068,0,6,0,0,4,2,0,0,0,0,0,0,0,0,0,0,0,0,0,0,0
7069,0,0,0,0,2,0,0,0,4,0,0,1,0,0,0,0,0,0,0,0,0
7070,0,5,0,0,13,5,0,0,2,0,0,1,0,0,0,0,0,0,0,0,0
7071,0,0,0,0,1,0,0,0,5,0,0,1,0,0,0,0,0,0,0,0,0
7072,0,1,0,0,0,0,0,0,1,0,0,2,0,0,0,0,0,0,0,0,0
7073,0,0,0,0,0,0,0,0,6,0,0,2,0,0,0,0,0,0,0,0,0
7074,0,3,0,0,3,0,0,0,3,0,0,3,1,0,0,0,0,0,0,0,0
7075,0,0,0,0,1,1,0,0,0,0,0,0,1,0,0,0,0,0,0,0,0
7076,0,1,0,0,2,0,0,0,0,0,0,0,0,0,0,0,0,0,0,0,0
7077,0,2,0,0,1,2,0,0,0,0,0,1,0,0,0,0,0,0,0,0,0
7089,0,0,0,0,3,1,1,0,4,0,0,3,2,0,0,0,0,0,0,0,0
7090,0,1,0,0,3,2,0,0,1,0,0,6,5,0,0,0,0,0,0,0,0
7091,0,3,0,0,0,1,0,0,17,0,0,11,1,0,0,0,0,0,0,0,0
7092,0,2,0,0,1,0,0,0,8,0,0,9,2,1,0,0,0,0,0,0,0
7093,0,0,0,0,0,0,0,0,2,0,0,12,1,0,0,0,0,0,0,0,0
7109,0,3,0,0,2,0,0,0,4,0,0,1,4,0,0,0,0,0,0,0,0
7110,0,0,0,0,1,0,0,0,2,0,0,5,1,0,0,0,0,0,0,0,0
7113,0,1,0,0,1,0,0,0,0,0,0,8,5,0,0,0,0,0,0,0,0
7114,0,3,0,0,2,1,0,0,4,0,0,15,1,0,0,0,0,0,0,0,0
7115,0,0,0,0,2,1,1,0,6,0,0,10,2,0,0,0,0,0,0,0,0
7116,0,4,0,0,3,0,0,0,3,0,0,14,7,0,0,0,0,0,0,0,0
7117,0,9,0,0,1,1,0,0,1,0,0,5,4,0,0,0,0,0,0,0,0
7118,0,0,0,0,1,0,0,0,2,0,0,3,0,0,0,0,0,0,0,0,0
7119,0,1,0,0,2,0,0,0,2,0,0,1,0,0,0,0,0,0,0,0,0
7120,0,1,0,0,1,1,0,0,0,0,0,2,1,0,0,1,0,0,0,0,0
7121,0,4,0,0,7,1,0,0,2,0,0,3,0,0,0,0,0,0,0,0,0
7122,0,0,0,0,2,0,0,0,3,0,0,3,2,0,0,0,0,0,0,0,0
7136,0,1,0,0,0,0,0,0,2,0,0,2,3,0,0,0,0,0,0,0,0
7137,0,3,0,0,4,0,0,0,2,0,0,1,0,0,0,0,0,0,0,0,0
7138,0,1,0,0,2,1,0,0,2,0,0,1,0,0,0,0,0,0,0,0,0
7151,0,0,0,0,1,0,0,0,1,0,0,0,0,0,0,0,0,0,0,0,0
7152,0,4,0,0,1,1,0,0,2,0,0,2,0,0,0,0,0,0,0,0,0
7153,0,0,0,0,5,2,0,0,1,0,0,1,0,0,0,0,0,0,0,0,0
7154,0,2,0,0,1,1,0,0,4,0,0,1,0,0,0,0,0,0,0,0,0
7155,0,1,0,0,16,6,0,0,3,0,0,5,0,0,0,0,0,0,0,0,0
7156,0,3,0,0,2,0,0,0,3,0,0,3,0,0,0,0,0,0,0,0,0
7157,0,1,0,0,2,1,0,0,7,0,0,15,3,0,0,0,0,0,0,0,0
7158,0,1,0,0,0,0,0,0,6,0,0,1,3,0,0,0,0,0,0,0,0
7159,0,0,0,0,0,0,0,0,0,0,0,1,1,0,0,2,0,0,0,0,2
7160,0,0,0,0,0,0,0,0,4,0,0,1,0,0,0,0,0,0,0,0,0
7161,0,0,0,0,0,0,0,0,0,0,0,1,0,0,0,0,0,0,0,0,0
7162,0,1,0,0,1,2,1,0,0,0,0,1,0,0,0,0,0,0,0,0,0
7163,0,2,0,0,0,2,1,0,2,0,0,0,0,0,0,0,0,0,0,0,0
7177,0,1,0,0,3,1,0,0,6,0,0,2,0,0,0,0,0,0,0,0,0
7180,0,1,0,0,0,0,0,0,3,0,0,3,2,0,0,0,0,0,0,0,0
7184,0,1,0,0,2,0,0,0,3,0,0,3,2,0,0,0,0,0,0,0,0
7185,0,0,0,0,1,0,0,0,2,0,0,0,0,1,0,1,0,0,1,0,0
7191,0,2,0,0,1,1,3,0,2,0,0,3,1,1,0,0,0,0,0,0,0
7192,0,4,0,0,4,0,0,0,2,0,0,3,3,0,0,0,0,0,0,0,0
7195,0,1,0,0,3,0,0,0,3,0,0,4,2,0,0,1,0,0,0,0,0
7196,0,2,0,0,0,3,0,0,7,0,0,6,2,0,0,0,0,0,0,0,0
7204,0,1,0,0,5,0,0,0,2,0,0,2,5,0,0,0,0,0,0,0,0
7205,0,1,0,0,1,0,0,0,1,0,0,1,0,0,0,0,0,0,0,0,0
7212,0,0,0,0,5,0,0,0,3,0,0,0,0,0,0,0,0,0,0,0,0
7214,0,1,0,0,0,3,0,0,0,0,0,2,0,0,0,0,0,0,0,0,0
7215,0,0,0,0,1,0,0,0,5,0,0,5,0,0,0,0,0,0,0,0,0
7217,0,1,0,0,0,1,0,0,1,0,0,6,0,0,0,0,0,0,0,0,0
7218,0,0,0,0,3,1,0,0,0,0,0,0,1,0,0,0,0,0,0,0,0
7219,0,3,0,0,0,0,0,0,0,0,0,1,0,0,0,0,0,0,0,0,0
7220,0,0,0,0,1,0,0,0,6,0,0,4,0,0,0,0,0,0,0,0,0
7221,0,4,0,0,3,0,0,0,4,0,0,1,1,0,0,0,0,0,1,0,0
7237,0,3,0,0,7,0,0,0,4,0,0,2,1,0,0,0,0,0,0,0,0
7241,0,2,0,0,4,1,0,0,0,0,0,10,3,0,0,0,0,0,0,0,0
7242,0,3,0,0,1,0,0,0,6,0,0,1,1,0,0,0,0,0,0,0,0
7243,0,1,0,0,4,2,2,0,2,0,0,1,2,0,0,0,0,0,0,0,0
7244,0,0,0,0,0,2,1,0,3,0,0,1,0,0,0,0,0,0,0,0,0
7245,0,0,0,0,4,3,0,0,2,0,0,2,0,0,0,0,0,0,0,0,0
7248,0,1,0,0,0,1,0,0,4,0,0,2,1,0,0,0,0,0,0,0,0
7249,0,0,0,0,0,0,2,0,3,0,0,2,3,0,0,0,0,0,0,0,0
7251,0,7,0,0,1,0,0,0,2,0,0,1,0,0,0,0,0,0,0,0,0
7252,0,1,0,0,0,1,0,0,2,0,0,8,8,0,0,0,0,0,0,0,0
7254,0,0,0,0,1,2,0,0,2,0,0,3,1,0,0,0,0,0,0,0,0
7261,0,1,0,0,8,5,2,0,1,0,0,1,0,0,0,0,0,0,0,0,0
7264,0,0,0,0,0,0,0,0,2,0,0,9,1,2,0,0,0,0,0,0,0
7267,0,0,0,0,0,0,0,0,2,0,0,13,3,0,0,0,0,0,0,0,0
7268,0,0,0,0,1,2,3,0,1,0,0,0,1,0,0,0,0,0,0,0,0
7269,0,2,0,0,2,2,0,0,1,0,0,1,0,0,0,0,0,0,0,0,0
7273,0,0,0,0,1,3,1,0,5,0,0,3,2,0,0,0,0,0,0,0,0
7275,0,0,0,0,1,3,0,0,2,0,0,0,0,0,0,0,0,0,0,0,0
7276,0,2,0,0,3,2,2,0,3,0,0,1,0,0,0,0,0,0,0,0,0
7280,0,1,0,0,0,0,0,0,3,0,0,6,1,0,0,0,0,0,0,0,0
7283,0,0,0,0,0,0,0,0,8,0,0,5,3,9,0,0,0,0,0,0,0
7285,0,0,0,0,0,0,0,0,1,0,0,1,0,0,0,0,0,0,0,0,0
7287,0,2,0,0,3,0,2,0,3,0,0,1,0,0,0,0,0,0,0,0,0
7293,0,1,0,0,1,0,0,0,12,0,0,11,1,2,0,0,0,0,0,0,0
7300,0,2,0,0,10,2,0,0,1,0,0,0,1,0,0,0,0,0,0,0,0
7303,0,9,0,0,9,1,0,0,4,0,0,2,1,0,0,0,0,0,0,0,0
7305,0,0,0,0,1,1,0,0,7,0,0,9,4,0,0,0,0,0,0,0,0
7306,0,4,0,0,5,1,0,0,18,0,0,8,1,0,0,0,0,0,0,0,0
7308,0,0,0,0,1,2,0,0,2,0,0,1,0,0,0,0,0,0,0,0,0
7310,0,0,0,0,4,2,0,0,2,0,0,1,2,1,0,0,0,0,0,0,0
7313,0,1,0,0,3,0,0,0,1,0,0,1,0,0,0,0,0,0,0,0,0
7314,0,0,0,0,1,2,0,0,3,0,0,6,2,0,0,0,0,0,0,0,0
7315,0,0,0,0,3,0,0,0,8,0,0,3,0,0,0,0,0,0,0,0,0
7316,0,0,0,0,1,0,0,0,1,0,0,1,0,0,0,0,0,0,0,0,0
7317,0,1,0,0,0,1,0,0,4,0,0,5,3,0,0,0,0,0,0,0,0
7319,0,0,0,0,1,0,0,0,3,0,0,0,0,0,0,0,0,0,0,0,0
7323,0,0,0,0,3,3,4,0,3,0,0,6,1,0,0,0,0,0,0,0,0
7325,0,0,0,0,0,0,0,0,6,0,0,5,6,2,0,0,0,0,0,0,0
7331,0,0,0,0,0,0,0,0,0,0,0,5,1,0,0,0,0,0,0,0,0
7340,0,0,0,0,0,2,0,0,3,0,0,3,3,0,0,0,0,0,0,0,0
7341,0,0,0,0,0,3,0,0,3,0,0,5,3,0,0,0,0,0,0,0,0
7350,0,0,0,0,2,2,0,0,3,0,0,9,7,2,0,0,0,0,0,0,0
7353,0,0,0,0,3,1,0,0,1,0,0,10,0,0,0,0,0,0,0,0,0
7354,0,4,0,0,1,1,0,0,0,0,0,1,1,0,0,0,0,0,0,0,0
7359,0,1,0,0,2,3,0,0,2,0,0,0,0,0,0,0,0,0,0,0,0
7361,0,2,0,0,6,1,1,0,7,0,0,5,4,0,0,0,0,0,0,0,0
7363,0,2,0,0,2,0,0,0,4,0,0,14,3,0,0,0,0,0,0,0,0
7366,0,3,0,0,2,2,0,0,1,0,0,4,0,0,0,0,0,0,0,0,0
7370,0,1,0,0,9,0,0,0,2,0,0,3,0,0,0,3,0,0,1,0,0
7373,0,0,0,0,3,0,0,0,3,0,0,8,7,0,0,0,0,0,0,0,0
7375,0,0,0,0,0,0,0,0,3,0,0,5,1,0,0,0,0,0,0,0,0
7376,0,1,0,0,0,0,0,0,4,0,0,18,4,0,0,0,0,0,0,0,0
7377,0,4,0,0,1,8,0,0,1,0,0,0,1,0,0,0,0,0,0,0,0
7381,0,0,0,0,2,0,0,0,0,0,0,0,2,0,0,0,0,0,0,0,0
7382,0,1,0,0,7,0,0,0,6,0,0,7,1,0,0,0,0,0,0,0,0
7383,0,1,0,0,2,0,0,0,1,0,0,3,3,0,0,0,0,0,0,0,0
7386,0,2,0,0,1,1,0,0,3,0,0,0,2,0,0,0,0,0,0,0,0
7390,0,1,0,0,0,1,0,0,1,0,0,9,2,0,0,0,0,0,1,0,0
7393,0,0,0,0,0,0,0,0,2,0,0,1,0,14,0,0,0,0,0,0,0
7395,0,0,0,0,9,0,0,0,14,0,0,14,0,0,0,4,0,0,0,0,0
7402,0,0,0,0,8,0,0,0,3,0,0,7,0,0,0,0,0,0,0,0,0
7403,0,0,0,0,0,0,0,0,0,0,0,1,0,1,0,0,0,0,0,0,0
7405,0,0,0,0,0,0,0,0,5,0,0,4,1,0,0,0,0,0,0,0,0
7408,0,0,0,0,0,0,0,0,3,0,0,1,0,0,0,0,0,0,0,0,0
7411,0,0,0,0,1,0,0,0,2,0,0,5,3,0,0,0,0,0,0,0,0
7415,0,0,0,0,1,0,0,0,6,0,0,6,1,0,0,0,0,0,0,0,0
7418,0,4,0,0,0,2,0,0,1,0,0,0,0,0,0,0,0,0,0,0,0
7420,0,2,0,0,1,2,0,0,1,0,0,0,0,0,0,0,0,0,0,0,0
7426,0,2,0,0,0,0,0,0,3,0,0,2,0,0,0,0,0,0,0,0,0
7431,0,1,0,0,1,2,1,0,4,0,0,1,0,0,0,0,0,0,0,0,0
7433,0,0,0,0,1,0,0,0,5,0,0,6,3,0,0,0,0,0,0,0,0
7439,0,0,0,0,1,2,0,0,2,0,0,10,0,0,0,0,0,0,0,0,0
7440,0,0,0,0,0,0,0,0,2,0,0,6,2,0,0,0,0,0,0,0,0
7447,0,0,0,0,2,0,0,0,0,0,0,0,0,0,0,0,0,0,0,0,0
7453,0,0,0,0,1,0,0,0,1,0,0,2,0,0,0,0,0,0,0,0,0
7455,0,3,0,0,5,0,0,0,17,0,0,6,1,0,0,0,0,0,0,0,0
7464,0,0,0,0,0,0,0,0,2,0,0,9,2,2,0,0,0,0,0,0,0
7470,0,4,0,0,3,0,2,0,3,0,0,1,0,0,0,0,0,0,0,0,0
7473,0,0,0,0,0,0,0,0,6,0,0,5,3,0,0,0,0,0,0,0,0
7474,0,2,0,0,5,2,1,0,2,0,0,1,0,0,0,0,0,0,0,0,0
7621,0,1,0,0,1,0,2,0,11,0,0,3,0,0,0,0,0,0,0,0,0
7622,0,0,0,0,2,0,0,0,1,0,0,2,1,0,0,0,0,0,0,0,0
7623,0,1,0,0,1,1,0,0,2,0,0,2,0,0,0,0,0,0,0,0,0
7625,0,1,0,0,3,0,0,0,1,0,0,2,0,0,0,0,0,0,0,0,0
7626,0,1,0,0,3,6,0,0,1,0,0,6,3,2,0,0,0,0,0,0,0
7629,0,1,0,0,0,1,0,0,0,0,0,2,0,0,0,0,0,0,0,0,0
7631,0,0,0,0,1,2,2,0,0,0,0,0,0,0,0,0,0,0,0,0,0
7632,0,0,0,0,0,0,0,0,4,0,0,4,2,0,0,0,0,0,0,0,0
7635,0,0,0,0,1,0,0,0,3,0,0,10,1,0,0,0,0,0,0,0,0
7636,0,0,0,0,1,2,0,0,0,0,0,1,0,0,0,0,0,0,0,0,0
7638,0,0,0,0,0,0,0,0,2,0,0,1,0,0,0,0,0,0,0,0,0
7646,0,0,0,0,0,0,0,0,1,0,0,1,1,0,0,0,0,0,0,0,0
7649,0,0,0,0,2,0,0,0,0,0,0,0,0,1,0,0,0,0,0,0,0
7650,0,1,0,0,6,0,0,0,9,0,0,7,1,0,0,0,0,0,0,0,0
7651,0,1,0,0,2,0,0,0,2,0,0,3,2,0,0,2,0,0,0,0,0
7655,0,8,0,0,4,2,4,0,2,0,0,0,0,0,0,0,0,0,0,0,0
7658,0,0,0,0,1,0,0,0,2,0,0,1,1,0,0,0,0,0,0,0,0
7660,0,0,0,0,0,0,0,0,1,0,0,2,0,0,0,0,0,0,0,0,0
7663,0,0,0,0,4,1,0,0,1,0,0,5,0,0,0,0,0,0,0,0,0
7664,0,8,0,0,1,1,1,0,0,0,0,1,1,0,0,0,0,0,0,0,0
7667,0,1,0,0,2,0,0,0,3,0,0,2,0,0,0,0,0,0,0,0,0
7670,0,0,0,0,0,0,0,0,1,0,0,1,0,0,0,0,0,0,1,0,0
7701,0,0,0,0,2,0,0,0,3,0,0,1,0,0,0,0,0,0,0,0,0
7787,0,0,0,0,0,0,0,0,2,0,0,8,1,0,0,0,0,0,0,0,0
7792,0,0,0,0,2,1,0,0,3,0,0,10,3,0,0,0,0,0,0,0,0
7793,0,1,0,0,9,0,0,0,2,0,0,2,2,0,0,0,0,0,0,0,0
7796,0,1,0,0,3,0,0,0,3,0,0,11,4,0,0,0,0,0,0,0,0
7797,0,9,0,0,15,2,0,0,11,0,0,4,1,0,0,0,0,0,0,0,0
7798,0,1,0,0,0,0,3,0,3,0,0,0,4,11,0,0,0,0,0,0,0
7799,0,1,0,0,1,1,0,0,2,0,0,1,4,0,0,0,0,0,0,0,0
7802,0,1,0,0,0,1,0,0,11,0,0,17,9,0,0,0,0,0,0,0,0
7803,0,4,0,0,0,2,0,0,2,0,0,4,2,0,0,0,0,0,0,0,0
7804,0,1,0,0,0,0,0,0,2,0,0,2,0,0,0,0,0,0,0,0,0
7808,0,0,0,0,1,1,0,0,3,0,0,11,1,0,0,0,0,0,0,0,0
7811,0,0,0,0,2,0,0,0,1,0,0,5,2,0,0,0,0,0,0,0,0
7814,0,0,0,0,1,1,1,0,7,0,0,15,1,0,0,0,0,0,0,0,0
7817,0,1,0,0,3,0,0,0,1,0,0,4,0,0,0,0,0,0,1,0,0
7822,0,7,0,0,7,0,0,0,11,0,0,8,0,0,0,0,0,0,0,0,0
7825,0,0,0,0,0,0,0,0,3,0,0,3,1,0,0,0,0,0,0,0,0
7828,0,1,0,0,1,0,0,0,2,0,0,1,0,0,0,0,0,0,0,0,0
7831,0,1,0,0,2,1,0,0,0,0,0,0,0,0,0,0,0,0,0,0,0
7832,0,0,0,0,0,2,2,0,6,0,0,10,4,1,0,0,0,0,0,0,0
7839,0,1,0,0,2,0,0,0,3,0,0,1,0,0,0,0,0,0,0,0,0
7840,0,2,0,0,3,0,0,0,3,0,0,4,1,0,0,0,0,0,0,0,0
7841,0,1,0,0,2,12,0,0,0,0,0,2,0,0,0,0,0,0,0,0,0
7842,0,1,0,0,2,0,0,0,0,0,0,0,0,0,0,0,0,0,0,0,0
7843,0,6,0,0,5,0,1,0,3,0,0,2,2,2,0,0,0,0,0,0,0
7844,0,0,0,0,0,0,0,0,3,0,0,2,0,0,0,0,0,0,0,0,0
7845,0,0,0,0,0,0,0,0,2,0,0,1,0,0,0,0,0,0,1,0,0
7851,0,1,0,0,1,0,0,0,1,0,0,1,0,0,0,0,0,0,0,0,0
7861,0,1,0,0,2,0,0,0,3,0,0,2,0,0,0,0,0,0,0,0,0
7870,0,0,0,0,4,1,1,0,11,0,0,5,1,0,0,0,0,0,2,2,1
7871,0,0,0,0,1,0,0,0,7,0,0,27,4,0,0,0,0,0,0,0,0
7875,0,1,0,0,0,0,0,0,2,0,0,1,0,0,0,0,0,0,1,0,0
7876,0,0,0,0,2,2,0,0,5,0,0,3,0,0,0,0,0,0,0,0,0
7880,0,1,0,0,1,1,0,0,2,0,0,1,0,0,0,0,0,0,0,0,0
7881,0,0,0,0,2,0,0,0,5,0,0,4,0,0,0,0,0,0,0,0,0
7882,0,0,0,0,0,0,0,0,3,0,0,2,0,0,0,0,0,0,0,0,0
7884,0,0,0,0,0,0,0,0,1,0,0,3,0,0,0,0,0,0,0,0,0
7885,0,1,0,0,3,0,0,0,0,0,0,0,0,0,0,0,0,0,0,0,0
7886,0,0,0,0,2,0,1,0,1,0,0,1,0,0,0,0,0,0,0,0,0
7887,0,1,0,0,0,1,0,0,0,0,0,0,0,0,0,0,0,0,0,0,0
7888,0,0,0,0,0,0,0,0,4,0,0,4,1,0,0,0,0,0,0,0,0
7889,0,1,0,0,4,1,0,0,2,0,0,1,0,1,0,0,0,0,0,0,0
7893,0,0,0,0,0,0,2,0,6,0,0,0,3,0,0,0,0,0,0,0,0
7894,0,2,0,0,5,3,0,0,0,0,0,0,0,0,0,0,0,0,0,0,0
7895,0,4,0,0,7,2,1,0,0,0,0,1,0,0,0,0,0,0,0,0,0
7896,0,0,0,0,1,1,0,0,2,0,0,0,0,0,0,0,0,0,0,0,0
7903,0,7,0,0,4,3,0,0,0,0,0,0,2,0,0,0,0,0,0,0,0
7904,0,0,0,0,1,1,2,0,2,0,0,1,1,0,0,0,0,0,0,0,0
7906,0,0,0,0,0,0,0,0,1,0,0,0,1,0,0,0,0,0,0,0,0
7908,0,4,0,0,1,1,0,0,2,0,0,1,0,0,0,0,0,0,0,0,0
7911,0,4,0,0,3,1,0,0,1,0,0,0,2,0,0,0,0,0,0,0,0
7912,0,7,0,0,5,0,0,0,1,0,0,1,1,0,0,0,0,0,0,0,0
7915,0,0,0,0,0,0,0,0,3,0,0,3,1,0,0,0,0,0,0,0,0
7916,0,1,0,0,4,0,0,0,1,0,0,1,1,0,0,0,0,0,0,0,0
7918,0,0,0,0,0,0,0,0,3,0,0,2,0,0,0,0,0,0,0,0,0
7920,0,2,0,0,4,0,0,0,2,0,0,1,0,0,0,0,0,0,0,0,0
7924,0,1,0,0,3,2,1,0,4,0,0,2,1,1,0,0,0,0,0,0,0
7926,0,0,0,0,1,1,0,0,1,0,0,0,0,0,0,0,0,0,0,0,0
7927,0,0,0,0,1,0,0,0,2,0,0,2,0,0,0,0,0,0,0,0,0
7928,0,1,0,0,1,0,0,0,3,0,0,1,0,0,0,0,0,0,0,0,0
7934,0,0,0,0,2,2,0,0,1,0,0,2,0,0,0,0,0,0,0,0,0
7939,0,1,0,0,3,0,0,0,4,0,0,4,0,0,0,0,0,0,0,0,0
7940,0,0,0,0,0,0,0,0,7,0,0,9,10,4,0,0,0,0,0,0,0
7942,0,0,0,0,0,0,0,0,2,0,0,2,0,0,0,0,0,0,0,0,0
7943,0,4,0,0,3,0,0,0,1,0,0,0,0,0,0,0,0,0,0,0,0
7947,0,1,0,0,1,0,0,0,1,0,0,1,0,0,0,0,0,0,0,0,0
7948,0,0,0,0,0,1,0,0,1,0,0,0,0,0,0,0,0,0,1,0,0
7949,0,0,0,0,4,0,0,0,1,0,0,1,0,0,0,0,0,0,0,0,0
7950,0,1,0,0,0,1,0,0,0,0,0,0,0,0,0,0,0,0,0,0,0
7952,0,1,0,0,2,0,0,0,0,0,0,0,0,0,0,0,0,0,0,0,0
7958,0,2,0,0,1,3,0,0,5,0,0,1,0,0,0,0,0,0,0,0,0
7961,0,5,0,0,3,3,1,0,1,0,0,1,0,0,0,0,0,0,0,0,0
7962,0,0,0,0,2,0,0,0,5,0,0,0,1,0,0,0,0,0,0,0,0
7966,0,3,0,0,2,4,1,0,5,0,0,4,3,1,0,1,0,0,0,0,0
7968,0,1,0,0,11,0,0,0,0,0,0,0,0,0,0,0,0,0,0,0,0
7971,0,1,0,0,1,0,0,0,1,0,0,1,0,0,0,0,0,0,0,0,0
7974,0,0,0,0,1,0,0,0,2,0,0,3,0,0,0,0,0,0,0,0,0
7976,0,3,0,0,3,6,0,0,5,0,0,3,0,0,0,0,0,0,0,0,0
7982,0,0,0,0,3,2,0,0,1,0,0,1,0,0,0,0,0,0,0,0,0
7983,0,1,0,0,2,0,0,0,1,0,0,0,1,0,0,0,0,0,0,0,0
7985,0,0,0,0,0,0,0,0,0,0,0,1,0,0,0,0,0,0,0,0,0
7986,0,0,0,0,0,0,0,0,2,0,0,1,2,0,0,0,0,0,0,0,0
7990,0,8,0,0,4,3,0,0,0,0,0,3,1,0,0,0,0,0,0,0,0
7991,0,2,0,0,8,7,0,0,2,0,0,18,2,0,0,0,0,0,0,0,0
7992,0,0,0,0,4,2,0,0,4,0,0,1,0,0,0,0,0,0,0,0,0
7994,0,0,0,0,0,0,0,0,3,0,0,2,0,0,0,0,0,0,0,0,0
7995,0,0,0,0,3,0,0,0,4,0,0,3,2,0,0,0,0,0,0,0,0
7997,0,0,0,0,2,0,0,0,2,0,0,0,0,0,0,0,0,0,0,0,0
7998,0,2,0,0,3,2,0,0,0,0,0,0,0,2,0,0,0,0,0,0,0
